2.793459327740476001e+06,4.968449972378107873e+02,3.929465836537999621e+02,6.829136273651780442e+00,5.154236338564189418e-02
2.793459327740476001e+06,4.968449972378107873e+02,3.929465836537999621e+02,6.829136273651780442e+00,5.154236338564189418e-02
2.793446368545419537e+06,4.965549923635454661e+02,3.992588490511560053e+02,1.371367792481714432e+01,1.039352412061485542e-01
2.793433321602687240e+06,4.963604686257331764e+02,4.055070884847542629e+02,2.065367044103919980e+01,1.571697544129690982e-01
2.793420186453182250e+06,4.962593389698546389e+02,4.116938021683382658e+02,2.764916830901156075e+01,2.112373662109365280e-01
2.793406962631789036e+06,4.962495779948650920e+02,4.178214255119753489e+02,3.470023483094696104e+01,2.661298731667145478e-01
2.793393649667437188e+06,4.963292202635469152e+02,4.238923309529078551e+02,4.180694194647605144e+01,3.218393965683126190e-01
2.793380247083166614e+06,4.964963586599465089e+02,4.299088297356910857e+02,4.896937005992619163e+01,3.783583740286997621e-01
2.793366754396141507e+06,4.967491427926233882e+02,4.358731736430869432e+02,5.618760787283227387e+01,4.356795513267926467e-01
2.793353171117687132e+06,4.970857774424079594e+02,4.417875566790309563e+02,6.346175222153826923e+01,4.937959744792031480e-01
2.793339496753327549e+06,4.975045210534390776e+02,4.476541167050577883e+02,7.079190791975167940e+01,5.527009820364072734e-01
2.793325730802907143e+06,4.980036842662905769e+02,4.534749370314286807e+02,7.817818760591141825e+01,6.123881975970802971e-01
2.793311872760428116e+06,4.985816284920031762e+02,4.592520479642590203e+02,8.562071159524543873e+01,6.728515225346064499e-01
2.793297922114303801e+06,4.992367645259049596e+02,4.649874283098488377e+02,9.311960773638186595e+01,7.340851289298379045e-01
2.793283878347235732e+06,4.999675512000818003e+02,4.706830068374106304e+02,1.006750112724016617e+02,7.960834527044838849e-01
2.793269740936333314e+06,5.007724940734727284e+02,4.763406637013713407e+02,1.082870647061971283e+02,8.588411869494736450e-01
2.793255509353068657e+06,5.016501441585037924e+02,4.819622318243343670e+02,1.159559176700325054e+02,9.223532754429916158e-01
2.793241183063370641e+06,5.025990966832623030e+02,4.875494982418289283e+02,1.236817267991893914e+02,9.866149063529017216e-01
2.793226761527580675e+06,5.036179898882286921e+02,4.931042054098935523e+02,1.314646556095792391e+02,1.051621506118483040e+00
2.793212244200547226e+06,5.047055038566031726e+02,4.986280524765438713e+02,1.393048743792273285e+02,1.117368733506461931e+00
2.793197630531600211e+06,5.058603593772883187e+02,5.041226965181064088e+02,1.472025600335124693e+02,1.183852473836671360e+00
2.793182919964557514e+06,5.070813168396243213e+02,5.095897537414051044e+02,1.551578960340710012e+02,1.251068833372418698e+00
2.793168111937775277e+06,5.083671751590046597e+02,5.150308006527753832e+02,1.631710722712570032e+02,1.319014133871267980e+00
2.793153205884201918e+06,5.097167707325029937e+02,5.204473751947834899e+02,1.712422849600696964e+02,1.387684907291641068e+00
2.793138201231306884e+06,5.111289764236803990e+02,5.258409778515740527e+02,1.793717365394510637e+02,1.457077890650949392e+00
2.793123097401102539e+06,5.126027005757682673e+02,5.312130727237464498e+02,1.875596355748652968e+02,1.527190021031155753e+00
2.793107893810279202e+06,5.141368860524311231e+02,5.365650885735306019e+02,1.958061966640720186e+02,1.598018430727660588e+00
2.793092589870068710e+06,5.157305093053465725e+02,5.418984198411931175e+02,2.041116403459987794e+02,1.669560442537460832e+00
2.793077184986324981e+06,5.173825794678730290e+02,5.472144276333692687e+02,2.124761930126510947e+02,1.741813565182953161e+00
2.793061678559530061e+06,5.190921374740499914e+02,5.525144406841961882e+02,2.209000868239523641e+02,1.814775488867401698e+00
2.793046069984806236e+06,5.208582552022498930e+02,5.577997562899101922e+02,2.293835596254533584e+02,1.888444080958629367e+00
2.793030358651888557e+06,5.226800346427918385e+02,5.630716412177526990e+02,2.379268548688311000e+02,1.962817381797284266e+00
2.793014543945180252e+06,5.245566070888570493e+02,5.683313325898018320e+02,2.465302215350961887e+02,2.037893600626317525e+00
2.792998625243735034e+06,5.264871323500503877e+02,5.735800387424749260e+02,2.551939140604443992e+02,2.113671111638284028e+00
2.792982601921231952e+06,5.284707979879667619e+02,5.788189400624108885e+02,2.639181922646799308e+02,2.190148450137292979e+00
2.792966473346034996e+06,5.305068185732014854e+02,5.840491897992918666e+02,2.727033212821362440e+02,2.267324308812278755e+00
2.792950238881152589e+06,5.325944349631257637e+02,5.892719148563637646e+02,2.815495714950423007e+02,2.345197534118855121e+00
2.792933897884252947e+06,5.347329135999418668e+02,5.944882165591928924e+02,2.904572184692480619e+02,2.423767122766360860e+00
2.792917449707654770e+06,5.369215458283947555e+02,5.996991714032952814e+02,2.994265428922709020e+02,2.503032218307589485e+00
2.792900893698363565e+06,5.391596472325917375e+02,6.049058317812214227e+02,3.084578305135819960e+02,2.582992107828023798e+00
2.792884229198013898e+06,5.414465569914451635e+02,6.101092266896856700e+02,3.175513720870813472e+02,2.663646218732187876e+00
2.792867455542895477e+06,5.437816372521745052e+02,6.153103624172626951e+02,3.267074633157198491e+02,2.744994115624153519e+00
2.792850572063974105e+06,5.461642725213903304e+02,6.205102232132177278e+02,3.359264047981629915e+02,2.827035497279786647e+00
2.792833578086815309e+06,5.485938690732566556e+02,6.257097719380075205e+02,3.452085019775178125e+02,2.909770193708214325e+00
2.792816472931670956e+06,5.510698543742614675e+02,6.309099506959001928e+02,3.545540650919878090e+02,2.993198163299947812e+00
2.792799255913410801e+06,5.535916765241422581e+02,6.361116814502983061e+02,3.639634091274753018e+02,3.077319490059398088e+00
2.792781926341519691e+06,5.561588037124924995e+02,6.413158666221910380e+02,3.734368537720328618e+02,3.162134380919441323e+00
2.792764483520098496e+06,5.587707236906487651e+02,6.465233896722074860e+02,3.829747233721360544e+02,3.247643163135729427e+00
2.792746926747902762e+06,5.614269432583789694e+02,6.517351156667371015e+02,3.925773468907325991e+02,3.333846281758686025e+00
2.792729255318246782e+06,5.641269877650083799e+02,6.569518918286036069e+02,4.022450578669984225e+02,3.420744297180929649e+00
2.792711468519042246e+06,5.668704006245508253e+02,6.621745480726136748e+02,4.119781943778136224e+02,3.508337882758067572e+00
2.792693565632802900e+06,5.696567428444648158e+02,6.674038975265212912e+02,4.217770990008199306e+02,3.596627822501077265e+00
2.792675545936605427e+06,5.724855925676370134e+02,6.726407370377399957e+02,4.316421187791144121e+02,3.685615008837964446e+00
2.792657408702070359e+06,5.753565446272367581e+02,6.778858476662342127e+02,4.415736051874842474e+02,3.775300440442993732e+00
2.792639153195399325e+06,5.782692101140742125e+02,6.831399951639449455e+02,4.515719141001478647e+02,3.865685220131814592e+00
2.792620778677293565e+06,5.812232159560976470e+02,6.884039304411365947e+02,4.616374057599749108e+02,3.956770552820334963e+00
2.792602284402974881e+06,5.842182045097115406e+02,6.936783900200689459e+02,4.717704447491460655e+02,4.048557743545831755e+00
2.792583669622209389e+06,5.872538331625430601e+02,6.989640964762597832e+02,4.819713999612108637e+02,4.141048195548502342e+00
2.792564933579211589e+06,5.903297739473623551e+02,7.042617588677715048e+02,4.922406445745016299e+02,4.234243408412010190e+00
2.792546075512675103e+06,5.934457131668150396e+02,7.095720731527998169e+02,5.025785560268901122e+02,4.328144976261047105e+00
2.792527094655793160e+06,5.966013510286708197e+02,7.148957225959027255e+02,5.129855159918157597e+02,4.422754586014743694e+00
2.792507990236162208e+06,5.997964012912826774e+02,7.202333781631966758e+02,5.234619103556050277e+02,4.518074015694200973e+00
2.792488761475844774e+06,6.030305909189338536e+02,7.255856989068156508e+02,5.340081291959993450e+02,4.614105132782633234e+00
2.792469407591261901e+06,6.063036597468202444e+02,7.309533323389136967e+02,5.446245667618848074e+02,4.710849892636883141e+00
2.792449927793260198e+06,6.096153601553514818e+02,7.363369147955494327e+02,5.553116214541853424e+02,4.808310336948745878e+00
2.792430321287049912e+06,6.129654567535136493e+02,7.417370717906602522e+02,5.660696958079112164e+02,4.906488592254805603e+00
2.792410587272237055e+06,6.163537260710105556e+02,7.471544183604886484e+02,5.768991964752740387e+02,5.005386868493562069e+00
2.792390724942676257e+06,6.197799562588973004e+02,7.525895593986060703e+02,5.878005342099314703e+02,5.105007457608284227e+00
2.792370733486643061e+06,6.232439467984896737e+02,7.580430899819376691e+02,5.987741238522507956e+02,5.205352732194785226e+00
2.792350612086632755e+06,6.267455082182277692e+02,7.635155956878945744e+02,6.098203843155923778e+02,5.306425144192352228e+00
2.792330359919487033e+06,6.302844618183022476e+02,7.690076529029420271e+02,6.209397385736023125e+02,5.408227223617410928e+00
2.792309976156251505e+06,6.338606394027290207e+02,7.745198291228334710e+02,6.321326136484804010e+02,5.510761577337811801e+00
2.792289459962249268e+06,6.374738830186523728e+02,7.800526832446764729e+02,6.433994406001609150e+02,5.614030887887500931e+00
2.792268810497015249e+06,6.411240447026596030e+02,7.856067658511182117e+02,6.547406545164500358e+02,5.718037912320134808e+00
2.792248026914296206e+06,6.448109862337664708e+02,7.911826194868352786e+02,6.661566945040223118e+02,5.822785481100291705e+00
2.792227108362006489e+06,6.485345788929419086e+02,7.967807789275177583e+02,6.776480036803084204e+02,5.928276497031862213e+00
2.792206053982236423e+06,6.522947032288449236e+02,8.024017714415740556e+02,6.892150291662085237e+02,6.034513934222190734e+00
2.792184862911214121e+06,6.560912488295340381e+02,8.080461170447323411e+02,7.008582220796265574e+02,6.141500837081077968e+00
2.792163534279304557e+06,6.599241140999669142e+02,8.137143287477343847e+02,7.125780375298047602e+02,6.249240319353694062e+00
2.792142067210980225e+06,6.637932060449179517e+02,8.194069127972851447e+02,7.243749346124238855e+02,6.357735563186740713e+00
2.792120460824815556e+06,6.676984400572174536e+02,8.251243689104416035e+02,7.362493764054243002e+02,6.466989818226392295e+00
2.792098714233423118e+06,6.716397397108903533e+02,8.308671905026079685e+02,7.482018299655995861e+02,6.577006400747785975e+00
2.792076826543517876e+06,6.756170365590356823e+02,8.366358649092769610e+02,7.602327663258141683e+02,6.687788692814775615e+00
2.792054796855825931e+06,6.796302699361663144e+02,8.424308736017208048e+02,7.723426604929611585e+02,6.799340141469374821e+00
2.792032624265126884e+06,6.836793867646697436e+02,8.482526923966735239e+02,7.845319914464879503e+02,6.911664257949589718e+00
2.792010307860216126e+06,6.877643413651529727e+02,8.541017916602863806e+02,7.968012421376182601e+02,7.024764616935777362e+00
2.791987846723879687e+06,6.918850952703583062e+02,8.599786365063351923e+02,8.091508994890859867e+02,7.138644855823853774e+00
2.791965239932905417e+06,6.960416170423301310e+02,8.658836869889379386e+02,8.215814543954883220e+02,7.253308674024690816e+00
2.791942486558054108e+06,7.002338820924745733e+02,8.718173982897997121e+02,8.340934017241557967e+02,7.368759832289882183e+00
2.791919585664125625e+06,7.044618725042246297e+02,8.777802209001521305e+02,8.466872403165011747e+02,7.485002152061848157e+00
2.791896536309841089e+06,7.087255768578916104e+02,8.837726007974495133e+02,8.593634729898609521e+02,7.602039514848534907e+00
2.791873337547922041e+06,7.130249900572960087e+02,8.897949796169453975e+02,8.721226065398026321e+02,7.719875861621554591e+00
2.791849988425093703e+06,7.173601131578315062e+02,8.958477948182344335e+02,8.849651517427635099e+02,7.838515192237133000e+00
2.791826487982023507e+06,7.217309531954300610e+02,9.019314798467646597e+02,8.978916233591285163e+02,7.957961564879543204e+00
2.791802835253459867e+06,7.261375230159972034e+02,9.080464642905087658e+02,9.109025401366169490e+02,8.078219095525806637e+00
2.791779029268096201e+06,7.305798411047520631e+02,9.141931740317386357e+02,9.239984248139064675e+02,8.199291957431203315e+00
2.791755069048683159e+06,7.350579314149847505e+02,9.203720313939750213e+02,9.371798041245930335e+02,8.321184380635434863e+00
2.791730953612065874e+06,7.395718231955025885e+02,9.265834552842088669e+02,9.504472088012432778e+02,8.443900651487972198e+00
2.791706681969167199e+06,7.441215508162274546e+02,9.328278613302830991e+02,9.638011735796767425e+02,8.567445112192517698e+00
2.791682253125035204e+06,7.487071535910977218e+02,9.391056620136083666e+02,9.772422372032716567e+02,8.691822160369872208e+00
2.791657666078930721e+06,7.533286755975685764e+02,9.454172667970394741e+02,9.907709424273368768e+02,8.817036248638363105e+00
2.791632919824365992e+06,7.579861654918272507e+02,9.517630822479919743e+02,1.004387836023415275e+03,8.943091884211327169e+00
2.791608013349110261e+06,7.626796763186830503e+02,9.581435121567226361e+02,1.018093468783492881e+03,9.069993628511033634e+00
2.791582945635418408e+06,7.674092653152437151e+02,9.645589576497503685e+02,1.031888395524011912e+03,9.197746096798605109e+00
2.791557715659948066e+06,7.721749937070648002e+02,9.710098172982195592e+02,1.045773175089596407e+03,9.326353957818541929e+00
2.791532322393990587e+06,7.769769264955980361e+02,9.774964872212813134e+02,1.059748370356414853e+03,9.455821933458349093e+00
2.791506764803548343e+06,7.818151322355410002e+02,9.840193611842224755e+02,1.073814548235065558e+03,9.586154798421167911e+00
2.791481041849455331e+06,7.866896828004602185e+02,9.905788306912188546e+02,1.087972279672854711e+03,9.717357379912394677e+00
2.791455152487569954e+06,7.916006531350913065e+02,9.971752850726107908e+02,1.102222139655384126e+03,9.849434557337906071e+00
2.791429095668971539e+06,7.965481209923588040e+02,1.003809111566341016e+03,1.116564707207247920e+03,9.982391262014239430e+00
2.791402870340080000e+06,8.015321666530296625e+02,1.010480695393436008e+03,1.131000565391737382e+03,1.011623247688977933e+01
2.791376475443005562e+06,8.065528726257527978e+02,1.017190419827169535e+03,1.145530301309367587e+03,1.025096323627555073e+01
2.791349909915700089e+06,8.116103233248336437e+02,1.023938666255581552e+03,1.160154506094994304e+03,1.038658862558582463e+01
2.791323172692350112e+06,8.167046047230060140e+02,1.030725814236984661e+03,1.174873774913430680e+03,1.052311378108658957e+01
2.791296262703636196e+06,8.218358039759765461e+02,1.037552241547995436e+03,1.189688706953125802e+03,1.066054388965152100e+01
2.791269178877158556e+06,8.270040090153406709e+02,1.044418324223658601e+03,1.204599905417949685e+03,1.079888418852460674e+01
2.791241920137818903e+06,8.322093081059604174e+02,1.051324436589007973e+03,1.219607977516449864e+03,1.093813996508773556e+01
2.791214485408351757e+06,8.374517893635110113e+02,1.058270951281500174e+03,1.234713534448570726e+03,1.107831655663295933e+01
2.791186873609764501e+06,8.427315402275291945e+02,1.065258239263613632e+03,1.249917191389309210e+03,1.121941935013716218e+01
2.791159083662037738e+06,8.480486468846011121e+02,1.072286669824777618e+03,1.265219567468983314e+03,1.136145378203899625e+01
2.791131114484702703e+06,8.534031936359143629e+02,1.079356610571722058e+03,1.280621285749647996e+03,1.150442533801558476e+01
2.791102964997646399e+06,8.587952622026709832e+02,1.086468427406318824e+03,1.296122973197266447e+03,1.164833955275848254e+01
2.791074634121888317e+06,8.642249309621788598e+02,1.093622484489692170e+03,1.311725260648976473e+03,1.179320200974600219e+01
2.791046120780584402e+06,8.696922741066462095e+02,1.100819144191397527e+03,1.327428782774994261e+03,1.193901834101128934e+01
2.791017423899991903e+06,8.751973607158206505e+02,1.108058767022262600e+03,1.343234178034421120e+03,1.208579422690346128e+01
2.790988542410695925e+06,8.807402537336835167e+02,1.115341711549255479e+03,1.359142088624244707e+03,1.223353539583978034e+01
2.790959475248836912e+06,8.863210088383176526e+02,1.122668334290734947e+03,1.375153160420791892e+03,1.238224762404636614e+01
2.790930221357564442e+06,8.919396731928632107e+02,1.130038989589980929e+03,1.391268042912660803e+03,1.253193673528512342e+01
2.790900779688751325e+06,8.975962840642015408e+02,1.137454029465013946e+03,1.407487389124157744e+03,1.268260860056376771e+01
2.790871149204595480e+06,9.032908672945835633e+02,1.144913803432079476e+03,1.423811855528207388e+03,1.283426913782580492e+01
2.790841328879846726e+06,9.090234356097106456e+02,1.152418658300254265e+03,1.440242101947431593e+03,1.298692431161669880e+01
2.790811317703750916e+06,9.147939867451444798e+02,1.159968937934068663e+03,1.456778791442103284e+03,1.314058013272345349e+01
2.790781114682802465e+06,9.206025013709117957e+02,1.167564982980876039e+03,1.473422590183440889e+03,1.329524265778127656e+01
2.790750718843352515e+06,9.264489407919903670e+02,1.175207130559218285e+03,1.490174167310591656e+03,1.345091798884536871e+01
2.790720129234658089e+06,9.323332444000828900e+02,1.182895713904084460e+03,1.507034194769445321e+03,1.360761227291995290e+01
2.790689344932354521e+06,9.382553268494099257e+02,1.190631061964436867e+03,1.524003347131232204e+03,1.376533170144051610e+01
2.790658365042225458e+06,9.442150749264943670e+02,1.198413498948036022e+03,1.541082301388693168e+03,1.392408250970238548e+01
2.790627188704414759e+06,9.502123440806340113e+02,1.206243343807778274e+03,1.558271736727122970e+03,1.408387097622886408e+01
2.790595815098064486e+06,9.562469545785728542e+02,1.214120909663477960e+03,1.575572334267735641e+03,1.424470342206986651e+01
2.790564243446611334e+06,9.623186872428628931e+02,1.222046503151979323e+03,1.592984776780048605e+03,1.440658621002501327e+01
2.790532473023472819e+06,9.684272787296151819e+02,1.230020423698058494e+03,1.610509748360017738e+03,1.456952574377860721e+01
2.790500503158471547e+06,9.745724162966827180e+02,1.238042962697693838e+03,1.628147934070008660e+03,1.473352846693838814e+01
2.790468333244993351e+06,9.807537320087346870e+02,1.246114402604078577e+03,1.645900019536519721e+03,1.489860086196472899e+01
2.790435962747821584e+06,9.869707963202785095e+02,1.254235015906293256e+03,1.663766690500852974e+03,1.506474944897858492e+01
2.790403391211932525e+06,9.932231109723363716e+02,1.262405063988999927e+03,1.681748632317896636e+03,1.523198078443272507e+01
2.790370618272149935e+06,9.995101011323374678e+02,1.270624795860624317e+03,1.699846529397003451e+03,1.540030145963126351e+01
2.790337643663886935e+06,1.005831106700523492e+03,1.278894446735998827e+03,1.718061064579045706e+03,1.556971809907935267e+01
2.790304467235036660e+06,1.012185372699392474e+03,1.287214236458300320e+03,1.736392918442531936e+03,1.574023735864416018e+01
2.790271088959148619e+06,1.018572038655630422e+03,1.295584367743261282e+03,1.754842768531355887e+03,1.591186592350526752e+01
2.790237508949884214e+06,1.024990126876606837e+03,1.304005024227251624e+03,1.773411288495816962e+03,1.608461050587104779e+01
2.790203727477213368e+06,1.031438529515885421e+03,1.312476368298883017e+03,1.792099147137675118e+03,1.625847784243467231e+01
2.790169744984957855e+06,1.037915994314548016e+03,1.320998538691917702e+03,1.810907007349278047e+03,1.643347469154120688e+01
2.790135562110524159e+06,1.044421108897328168e+03,1.329571647815245115e+03,1.829835524935849890e+03,1.660960783003340779e+01
2.790101179706352763e+06,1.050952283495217671e+03,1.338195778793346108e+03,1.848885347308636028e+03,1.678688404974217363e+01
2.790066598863658030e+06,1.057507731958894510e+03,1.346870982188558628e+03,1.868057112036114404e+03,1.696531015358130645e+01
2.790031820938509889e+06,1.064085450921440952e+03,1.355597272373856413e+03,1.887351445238767610e+03,1.714489295120646517e+01
2.789996847580432892e+06,1.070683196963197133e+03,1.364374623522263846e+03,1.906768959811952300e+03,1.732563925418954298e+01
2.789961680763869546e+06,1.077298461628470250e+03,1.373202965176674297e+03,1.926310253460095737e+03,1.750755587065923535e+01
2.789926322822371963e+06,1.083928444142328317e+03,1.382082177360763808e+03,1.945975906524063021e+03,1.769064959934942749e+01
2.789890776486317627e+06,1.090570021677380510e+03,1.391012085189408253e+03,1.965766479582234524e+03,1.787492722299755243e+01
2.789855044923731126e+06,1.097219717026172020e+03,1.399992452934121502e+03,1.985682510804228741e+03,1.806039550102282121e+01
2.789819131784769706e+06,1.103873663544979081e+03,1.409022977496672638e+03,2.005724513035318296e+03,1.824706116141404522e+01
2.789783041250032838e+06,1.110527567251730261e+03,1.418103281241808645e+03,2.025892970587708987e+03,1.843493089174687327e+01
2.789746778082829900e+06,1.117176665984914962e+03,1.427232904138063986e+03,2.046188335714009327e+03,1.862401132924585667e+01
2.789710347685503308e+06,1.123815685564164596e+03,1.436411295154138088e+03,2.066611024736981108e+03,1.881430904979761820e+01
2.789673756159835029e+06,1.130438792938235338e+03,1.445637802857988390e+03,2.087161413808814814e+03,1.900583055581813952e+01
2.789637010371936020e+06,1.137039546364824446e+03,1.454911665165543127e+03,2.107839834272564985e+03,1.919858226286587666e+01
2.789600118020984344e+06,1.143610842741474471e+03,1.464231998187501176e+03,2.128646567598327238e+03,1.939257048488783042e+01
2.789563087712286972e+06,1.150144862300145633e+03,1.473597784125714043e+03,2.149581839866785231e+03,1.958780141797954144e+01
2.789525929033936467e+06,1.156633010993127300e+03,1.483007858175114507e+03,2.170645815774179937e+03,1.978428112252962734e+01
2.789488652636931743e+06,1.163065861036967362e+03,1.492460894394112756e+03,2.191838592133896327e+03,1.998201550361967449e+01
2.789451270318101626e+06,1.169433090247582868e+03,1.501955390516262923e+03,2.213160190853486256e+03,2.018101028953884679e+01
2.789413795104937628e+06,1.175723420994867411e+03,1.511489651688692447e+03,2.234610551368915822e+03,2.038127100827444949e+01
2.789376241341538727e+06,1.181924559831662009e+03,1.521061773139678508e+03,2.256189522524241511e+03,2.058280296183290403e+01
2.789338624774000607e+06,1.188023139109535123e+03,1.530669621798625485e+03,2.277896853891052160e+03,2.078561119825151593e+01
2.789300962633886375e+06,1.194004662182378979e+03,1.540310816917921784e+03,2.299732186531770822e+03,2.098970048115797482e+01
2.789263273717629723e+06,1.199853454114416081e+03,1.549982709777630362e+03,2.321695043221331616e+03,2.119507525674704240e+01
2.789225578459493350e+06,1.205552620146024537e+03,1.559682362591546962e+03,2.343784818155826088e+03,2.140173961805076175e+01
2.789187898995241150e+06,1.211084014520594110e+03,1.569406526777114550e+03,2.366000766192482843e+03,2.160969726639622479e+01
2.789150259213419165e+06,1.216428222622120984e+03,1.579151620802340858e+03,2.388341991684227651e+03,2.181895146996653523e+01
2.789112684790408239e+06,1.221564559700038899e+03,1.588913707879864660e+03,2.410807436993859028e+03,2.202950501940694750e+01
2.789075203205439728e+06,1.226471089738849969e+03,1.598688473841186124e+03,2.433395870796819509e+03,2.224136018045751229e+01
2.789037843731224071e+06,1.231124668235652280e+03,1.608471205592404658e+03,2.456105876308786719e+03,2.245451864363637995e+01
2.789000637395551894e+06,1.235501012742525518e+03,1.618256770624320552e+03,2.478935839602414944e+03,2.266898147104871342e+01
2.788963616909664124e+06,1.239574804973037317e+03,1.628039598122265488e+03,2.501883938208190557e+03,2.288474904046524117e+01
2.788926816558476537e+06,1.243319828018971066e+03,1.637813662292376875e+03,2.524948130224275246e+03,2.310182098688155961e+01
2.788890272049349733e+06,1.246709141732268108e+03,1.647572468586035257e+03,2.548126144189479419e+03,2.332019614185393408e+01
2.788854020315406844e+06,1.249715298560306110e+03,1.657309043558936310e+03,2.571415470000299138e+03,2.353987247099867730e+01
2.788818099271627609e+06,1.252310601050926607e+03,1.667015929140467733e+03,2.594813351174577292e+03,2.376084701013991918e+01
2.788782547522455920e+06,1.254467400855401365e+03,1.676685182106017919e+03,2.618316778779823380e+03,2.398311580069197646e+01
2.788747404021925759e+06,1.256158437364234260e+03,1.686308379534240885e+03,2.641922487350127994e+03,2.420667382497266118e+01
2.788712707688805182e+06,1.257357212151311842e+03,1.695876630986678947e+03,2.665626953110146587e+03,2.443151494224402498e+01
2.788678496982059442e+06,1.258038393252206561e+03,1.705380598063873549e+03,2.689426394806180269e+03,2.465763182637551765e+01
2.788644809443750884e+06,1.258178241070515924e+03,1.714810521866776071e+03,2.713316777410258055e+03,2.488501590611737768e+01
2.788611681219520513e+06,1.257755045537820024e+03,1.724156258722849088e+03,2.737293818913146424e+03,2.511365730903296267e+01
2.788579146568296477e+06,1.256749562216272125e+03,1.733407324325859463e+03,2.761353000356642951e+03,2.534354481019597571e+01
2.788547237375336234e+06,1.255145433513594980e+03,1.742552946190652165e+03,2.785489579174374740e+03,2.557466578677262348e+01
2.788515982683695853e+06,1.252929580256661666e+03,1.751582124048180276e+03,2.809698605817708994e+03,2.580700617959811893e+01
2.788485408259787131e+06,1.250092548697479288e+03,1.760483697515127915e+03,2.833974943541079028e+03,2.604055046280461738e+01
2.788455536208466161e+06,1.246628798710920137e+03,1.769246420079271729e+03,2.858313291115870015e+03,2.627528162247327614e+01
2.788426384652019944e+06,1.242536920528005567e+03,1.777859038166451683e+03,2.882708208138295959e+03,2.651118114515056945e+01
2.788397967484870926e+06,1.237819769792573197e+03,1.786310373812834541e+03,2.907154142500900889e+03,2.674822901690613008e+01
2.788370294213566463e+06,1.232484513909707175e+03,1.794589409275705748e+03,2.931645459516016217e+03,2.698640373341445198e+01
2.788343369887404144e+06,1.226542586371494735e+03,1.802685371790756790e+03,2.956176472117300364e+03,2.722568232131780874e+01
2.788317195121726952e+06,1.220009549740278317e+03,1.810587816634148567e+03,2.980741471527561771e+03,2.746604037088994588e+01
2.788291766211520415e+06,1.212904871950421011e+03,1.818286706677950633e+03,3.005334757767971041e+03,2.770745207977452651e+01
2.788267075329290703e+06,1.205251624265414875e+03,1.825772486737777172e+03,3.029950669399257094e+03,2.794989030733162139e+01
2.788243110797908157e+06,1.197076112337814948e+03,1.833036151193903606e+03,3.054583611925303103e+03,2.819332663889656132e+01
2.788219857426417060e+06,1.188407454164871297e+03,1.840069303609653389e+03,3.079228084351749658e+03,2.843773145905581501e+01
2.788197296894949395e+06,1.179277120189057541e+03,1.846864207359046304e+03,3.103878703472928009e+03,2.868307403287047919e+01
2.788175408173938747e+06,1.169718451323626141e+03,1.853413826589494420e+03,3.128530225553228320e+03,2.892932259385158744e+01
2.788154167962901294e+06,1.159766170331910189e+03,1.859711857167057360e+03,3.153177565167402463e+03,2.917644443739694893e+01
2.788133551134490874e+06,1.149455900868989829e+03,1.865752747563950152e+03,3.177815811065082926e+03,2.942440601835251712e+01
2.788113531171231996e+06,1.138823706767266913e+03,1.871531709934103674e+03,3.202440239018416378e+03,2.967317305136098327e+01
2.788094080583817326e+06,1.127905662001831161e+03,1.877044721872358878e+03,3.227046321699286182e+03,2.992271061268561283e+01
2.788075171302082948e+06,1.116737459399707859e+03,1.882288519556701203e+03,3.251629735705417716e+03,3.017298324226856110e+01
2.788056775032167323e+06,1.105354063738692730e+03,1.887260583127933387e+03,3.276186365915572878e+03,3.042395504487619107e+01
2.788038863574986812e+06,1.093789412566521378e+03,1.891959115266221716e+03,3.300712307399240672e+03,3.067558978929315217e+01
2.788021409103906248e+06,1.082076165975806816e+03,1.896383013981582508e+03,3.325203865136951208e+03,3.092785100466195303e+01
2.788004384400675073e+06,1.070245504771853348e+03,1.900531840650911136e+03,3.349657551825096562e+03,3.118070207319274800e+01
2.787987763050308917e+06,1.058326975010414344e+03,1.904405784313197046e+03,3.374070084044650685e+03,3.143410631861297588e+01
2.787971519596888684e+06,1.046348375770882967e+03,1.908005623184767046e+03,3.398438377068783211e+03,3.168802708985476002e+01
2.787955629663045518e+06,1.034335686253056565e+03,1.911332684285110645e+03,3.422759538572567635e+03,3.194242783961266596e+01
2.787940070036521181e+06,1.022313027810002382e+03,1.914388801976946979e+03,3.447030861489569816e+03,3.219727219751747072e+01
2.787924818727285601e+06,1.010302656313748116e+03,1.917176276129459438e+03,3.471249816238403582e+03,3.245252403778096095e+01
2.787909854999188334e+06,9.983249802461887157e+02,1.919697830514711995e+03,3.495414042518026235e+03,3.270814754126484303e+01
2.787895159379885998e+06,9.863986000675249670e+02,1.921956571949674071e+03,3.519521340845565646e+03,3.296410725200021119e+01
2.787880713652588893e+06,9.745403646933897335e+02,1.923955950602497751e+03,3.543569663984955696e+03,3.322036812826019059e+01
2.787866500832952559e+06,9.627654412701883757e+02,1.925699721794436300e+03,3.567557108391420570e+03,3.347689558834046153e+01
2.787852505134293810e+06,9.510873948421884734e+02,1.927191909549716456e+03,3.591481905773764993e+03,3.373365555124654946e+01
2.787838711923666764e+06,9.395182749265625262e+02,1.928436772074835062e+03,3.615342414856507276e+03,3.399061447251972368e+01
2.787825107671497855e+06,9.280687064331863212e+02,1.929438769287922696e+03,3.639137113405171476e+03,3.424773937546306257e+01
2.787811679896331858e+06,9.167479827689332978e+02,1.930202532465945296e+03,3.662864590562809099e+03,3.450499787803469331e+01
2.787798417106877547e+06,9.055641593416685282e+02,1.930732836033974763e+03,3.686523539530974176e+03,3.476235821569683537e+01
2.787785308742619585e+06,8.945241460200768415e+02,1.931034571484775142e+03,3.710112750617792244e+03,3.501978926050136209e+01
2.787772345114006661e+06,8.836337974094807350e+02,1.931112723388217091e+03,3.733631104665355906e+03,3.527726053669938011e+01
2.787759517343404237e+06,8.728980000692587282e+02,1.930972347427337354e+03,3.757077566860707066e+03,3.553474223315114244e+01
2.787746817307443824e+06,8.623207560260138962e+02,1.930618550381541581e+03,3.780451180928698705e+03,3.579220521280819867e+01
2.787734237581180409e+06,8.519052621299720158e+02,1.930056471964602906e+03,3.803751063699614861e+03,3.604962101952574471e+01
2.787721771384695545e+06,8.416539849632218875e+02,1.929291268417320680e+03,3.826976400040754470e+03,3.630696188245422462e+01
2.787709412532258313e+06,8.315687311404611819e+02,1.928328097749726112e+03,3.850126438138249796e+03,3.656420071824339857e+01
2.787697155384288635e+06,8.216507129495316804e+02,1.927172106525426443e+03,3.873200485113276500e+03,3.682131113127658040e+01
2.787684994802194647e+06,8.119006093633624914e+02,1.925828418080581059e+03,3.896197902955889276e+03,3.707826741214652344e+01
2.787672926106119528e+06,8.023186225201379784e+02,1.924302122071974281e+03,3.919118104758432764e+03,3.733504453455735472e+01
2.787660945035550278e+06,7.929045298176556571e+02,1.922598265250903978e+03,3.941960551230438341e+03,3.759161815083363933e+01
2.787649047712769825e+06,7.836577318037517443e+02,1.920721843364156484e+03,3.964724747476963785e+03,3.784796458620043325e+01
2.787637230608989485e+06,7.745772960690633226e+02,1.918677794087501979e+03,3.987410240022612925e+03,3.810406083198221694e+01
2.787625490513140336e+06,7.656619973643156527e+02,1.916470990902208996e+03,4.010016614063848920e+03,3.835988453786052332e+01
2.787613824503062759e+06,7.569103541726161666e+02,1.914106237830381133e+03,4.032543490933267094e+03,3.861541400331432783e+01
2.787602229919150472e+06,7.483206619699847124e+02,1.911588264950335997e+03,4.054990525759551929e+03,3.887062816835833701e+01
2.787590704340058379e+06,7.398910234057033222e+02,1.908921724618497137e+03,4.077357405308597208e+03,3.912550660368501099e+01
2.787579245560554322e+06,7.316193756289862904e+02,1.906111188329819470e+03,4.099643845991469789e+03,3.938002950030089977e+01
2.787567851571178064e+06,7.235035149809079940e+02,1.903161144153684290e+03,4.121849592025922902e+03,3.963417765874474696e+01
2.787556520539847203e+06,7.155411192612702962e+02,1.900075994687237198e+03,4.143974413739329975e+03,3.988793247796521513e+01
2.787545250794810243e+06,7.077297677695554512e+02,1.896860055472976455e+03,4.166018106001242813e+03,4.014127594392368792e+01
2.787534040809466038e+06,7.000669593078922617e+02,1.893517553831832402e+03,4.187980486775531972e+03,4.039419061798655264e+01
2.787522889188211877e+06,6.925501283224637064e+02,1.890052628066883926e+03,4.209861395781509600e+03,4.064665962516419029e+01
2.787511794653768651e+06,6.851766593480126630e+02,1.886469326997467306e+03,4.231660693255791557e+03,4.089866664223969650e+01
2.787500756035609171e+06,6.779438999087055890e+02,1.882771609786309227e+03,4.253378258805962105e+03,4.115019588583938770e+01
2.787489772259514313e+06,6.708491720173524300e+02,1.878963346026328963e+03,4.275013990348854350e+03,4.140123210047771352e+01
2.787478842337874696e+06,6.638897824042087450e+02,1.875048316056659132e+03,4.296567803126182298e+03,4.165176054661456106e+01
2.787467965361136477e+06,6.570630315963119301e+02,1.871030211480278467e+03,4.318039628791208997e+03,4.190176698875543337e+01
2.787457140489937738e+06,6.503662219585663706e+02,1.866912635858421254e+03,4.339429414560769146e+03,4.215123768361927148e+01
2.787446366947841831e+06,6.437966647986703492e+02,1.862699105559555164e+03,4.360737122427100076e+03,4.240015936840047317e+01
2.787435644014947582e+06,6.373516866294170313e+02,1.858393050742430887e+03,4.381962728424755369e+03,4.264851924914184167e+01
2.787424971021928359e+06,6.310286346739408145e+02,1.853997816455442489e+03,4.403106221948434722e+03,4.289630498924075397e+01
2.787414347344645765e+06,6.248248816922258584e+02,1.849516663835917143e+03,4.424167605117066159e+03,4.314350469810173649e+01
2.787403772399300709e+06,6.187378302002472310e+02,1.844952771394869160e+03,4.445146892181408475e+03,4.339010691994643309e+01
2.787393245637873653e+06,6.127649161470914123e+02,1.840309236374243937e+03,4.466044108971186688e+03,4.363610062279906288e+01
2.787382766544165555e+06,6.069036121094752616e+02,1.835589076165297001e+03,4.486859292379192993e+03,4.388147518764879607e+01
2.787372334629880264e+06,6.011514300581377483e+02,1.830795229777644408e+03,4.507592489879614732e+03,4.412622039780415406e+01
2.787361949431395158e+06,5.955059237455778884e+02,1.825930559350195153e+03,4.528243759077990035e+03,4.437032642844135921e+01
2.787351610506419092e+06,5.899646907605587103e+02,1.820997851695829468e+03,4.548813167290971251e+03,4.461378383635465639e+01
2.787341317431139294e+06,5.845253742907531205e+02,1.815999819872972466e+03,4.569300791153901628e+03,4.485658354991412011e+01
2.787331069797478616e+06,5.791856646315023909e+02,1.810939104777899956e+03,4.589706716254081584e+03,4.509871685923047835e+01
2.787320867210574914e+06,5.739433004755383081e+02,1.805818276752521797e+03,4.610031036788991514e+03,4.534017540653415779e+01
2.787310709286357276e+06,5.687960700156505709e+02,1.800639837203133084e+03,4.630273855247496613e+03,4.558095117676799646e+01
2.787300595649269409e+06,5.637418118899133788e+02,1.795406220226343748e+03,4.650435282113078756e+03,4.582103648839494525e+01
2.787290525930194650e+06,5.587784159967949336e+02,1.790119794238773238e+03,4.670515435588336913e+03,4.606042398442521346e+01
2.787280499764224514e+06,5.539038242056450372e+02,1.784782863608215393e+03,4.690514441339591031e+03,4.629910662365698926e+01
2.787270516788788140e+06,5.491160309863279281e+02,1.779397670283777188e+03,4.710432432261029135e+03,4.653707767213801105e+01
2.787260576641640626e+06,5.444130839804336119e+02,1.773966395423673930e+03,4.730269548258044779e+03,4.677433069484276729e+01
2.787250678958849050e+06,5.397930845352094593e+02,1.768491161019429001e+03,4.750025936049059965e+03,4.701085954756571539e+01
2.787240823372908402e+06,5.352541882204035346e+02,1.762974031515766001e+03,4.769701748985517042e+03,4.724665836903499638e+01
2.787231009510770440e+06,5.307946053475117196e+02,1.757417015425830414e+03,4.789297146890467047e+03,4.748172157323706699e+01
2.787221236991784535e+06,5.264126015101189751e+02,1.751822066942005677e+03,4.808812295914845890e+03,4.771604384196055548e+01
2.787211505425767042e+06,5.221064981638328391e+02,1.746191087542592641e+03,4.828247368412253309e+03,4.794962011755276876e+01
2.787201814410713036e+06,5.178746732638679759e+02,1.740525927595323992e+03,4.847602542832249128e+03,4.818244559589177811e+01
2.787192163530717604e+06,5.137155619783428619e+02,1.734828387958780240e+03,4.866878003632112268e+03,4.841451571957108513e+01
2.787182552353535313e+06,5.096276574953641330e+02,1.729100221583363236e+03,4.886073941208574070e+03,4.864582617129900655e+01
2.787172980428225361e+06,5.056095119422015500e+02,1.723343135113570497e+03,4.905190551848688301e+03,4.887637286751014898e+01
2.787163447282417677e+06,5.016597374351619010e+02,1.717558790493973220e+03,4.924228037702084293e+03,4.910615195219202178e+01
2.787153952419579960e+06,4.977770072792482665e+02,1.711748806581269037e+03,4.943186606774324900e+03,4.933515979092432957e+01
2.787144495315989014e+06,4.939600573373025441e+02,1.705914760765542496e+03,4.962066472943283770e+03,4.956339296513542081e+01
2.787135075417543296e+06,4.902076875889669623e+02,1.700058190603890580e+03,4.980867855999154017e+03,4.979084826657073393e+01
2.787125692136225756e+06,4.865187639006158520e+02,1.694180595470223352e+03,4.999590981709775406e+03,5.001752269198460965e+01
2.787116344846392982e+06,4.828922200283312236e+02,1.688283438225173995e+03,5.018236081912776172e+03,5.024341343804719884e+01
2.787107032880684827e+06,4.793270598768029913e+02,1.682368146910718224e+03,5.036803394636217490e+03,5.046851789647725184e+01
2.787097755525585730e+06,4.758223600381664937e+02,1.676436116474324990e+03,5.055293164249753318e+03,5.069283364939868619e+01
2.787088512016719673e+06,4.723772726356478984e+02,1.670488710527973808e+03,5.073705641648258279e+03,5.091635846492867756e+01
2.787079301533586811e+06,4.689910284979096105e+02,1.664527263147814210e+03,5.092041084470616624e+03,5.113909029299919240e+01
2.787070123193970416e+06,4.656629406908915030e+02,1.658553080720732396e+03,5.110299757355895053e+03,5.136102726141869113e+01
2.787060976047812030e+06,4.623924084346713244e+02,1.652567443844518948e+03,5.128481932239782509e+03,5.158216767218157628e+01
2.787051859070587438e+06,4.591789214335066163e+02,1.646571609288776244e+03,5.146587888694602043e+03,5.180250999802726142e+01
2.787042771156132687e+06,4.560220646475204944e+02,1.640566812024486808e+03,5.164617914315854250e+03,5.202205287926586408e+01
2.787033711108854506e+06,4.529215235344038888e+02,1.634554267330154971e+03,5.182572305159194912e+03,5.224079512086913724e+01
2.787024677635304164e+06,4.498770897890618699e+02,1.628535172983419216e+03,5.200451366231220163e+03,5.245873568984648472e+01
2.787015669335094746e+06,4.468886676078777214e+02,1.622510711547189203e+03,5.218255412038762188e+03,5.267587371291086384e+01
2.787006684691064991e+06,4.439562805023601868e+02,1.616482052760114811e+03,5.235984767200501665e+03,5.289220847445062645e+01
2.786997722058730666e+06,4.410800786839993748e+02,1.610450356041059649e+03,5.253639767125913750e+03,5.310773941481868121e+01
2.786988779654953629e+06,4.382603470378854809e+02,1.604416773118417268e+03,5.271220758766002291e+03,5.332246612895735893e+01
2.786979855545703787e+06,4.354975136970621179e+02,1.598382450794400029e+03,5.288728101441270155e+03,5.353638836537328416e+01
2.786970947633148171e+06,4.327921592219486229e+02,1.592348533855554933e+03,5.306162167751916058e+03,5.374950602547926337e+01
2.786962053641741630e+06,4.301450263795891260e+02,1.586316168139830324e+03,5.323523344575728515e+03,5.396181916332654538e+01
2.786953171103581786e+06,4.275570305050964066e+02,1.580286503771004391e+03,5.340812034158947426e+03,5.417332798574506825e+01
2.786944297342857812e+06,4.250292704124648253e+02,1.574260698570562909e+03,5.358028655305647590e+03,5.438403285291465750e+01
2.786935429459591396e+06,4.225630398030447168e+02,1.568239921656239630e+03,5.375173644671185684e+03,5.459393427939058085e+01
2.786926564312563743e+06,4.201598390971971639e+02,1.562225357235567117e+03,5.392247458163707961e+03,5.480303293561158995e+01
2.786917698501699138e+06,4.178213875873469760e+02,1.556218208601076412e+03,5.409250572459824980e+03,5.501132964990981122e+01
2.786908828349838965e+06,4.155496357781647134e+02,1.550219702331665758e+03,5.426183486637074566e+03,5.521882541105664188e+01
2.786899949884264730e+06,4.133467777418846936e+02,1.544231092702086016e+03,5.443046723927110179e+03,5.542552137136733847e+01
2.786891058817992918e+06,4.112152632729206516e+02,1.538253666298783173e+03,5.459840833591166302e+03,5.563141885039441092e+01
2.786882150531327818e+06,4.091578095761820464e+02,1.532288746836322161e+03,5.476566392918731253e+03,5.583651933923417943e+01
2.786873220053818543e+06,4.071774121676277218e+02,1.526337700163089494e+03,5.493224009347753963e+03,5.604082450547907257e+01
2.786864262047060300e+06,4.052773546039792905e+02,1.520401939438878799e+03,5.509814322703070502e+03,5.624433619883396318e+01
2.786855270788946189e+06,4.034612165919885456e+02,1.514482930459286990e+03,5.526338007546865811e+03,5.644705645742587308e+01
2.786846240159804467e+06,4.017328799575579978e+02,1.508582197093189052e+03,5.542795775631335346e+03,5.664898751482034100e+01
2.786837163631076459e+06,4.000965318833441984e+02,1.502701326789457426e+03,5.559188378441001078e+03,5.685013180776630293e+01
2.786828034257358406e+06,3.985566647532317006e+02,1.496841976097585757e+03,5.575516609806192719e+03,5.705049198467169447e+01
2.786818844672515057e+06,3.971180718771773854e+02,1.491005876134345272e+03,5.591781308566021835e+03,5.725007091481781174e+01
2.786809587090826593e+06,3.957858383153085242e+02,1.485194837914458958e+03,5.607983361252505347e+03,5.744887169830234797e+01
2.786800253314124886e+06,3.945653259821525012e+02,1.479410757448604045e+03,5.624123704761695080e+03,5.764689767669102594e+01
2.786790834745889995e+06,3.934621521976061445e+02,1.473655620496512256e+03,5.640203328972311283e+03,5.784415244435079018e+01
2.786781322413158603e+06,3.924821608691060533e+02,1.467931506847155106e+03,5.656223279264207122e+03,5.804063986041692402e+01
2.786771706997519825e+06,3.916313855480963184e+02,1.462240593983200142e+03,5.672184658883765223e+03,5.823636406133006460e+01
2.786761978875742294e+06,3.909160037124094060e+02,1.456585159972693646e+03,5.688088631096365134e+03,5.843132947386096276e+01
2.786752128170900512e+06,3.903422817924044921e+02,1.450967585419797615e+03,5.703936421060256180e+03,5.862554082852421544e+01
2.786742144814488944e+06,3.899165106894099040e+02,1.445390354298012198e+03,5.719729317351787358e+03,5.881900317324680572e+01
2.786732018619718030e+06,3.896449318331086147e+02,1.439856053486094424e+03,5.735468673068174212e+03,5.901172188715311506e+01
2.786721739365853369e+06,3.895336541894174616e+02,1.434367370829391575e+03,5.751155906433301425e+03,5.920370269428473620e+01
2.786711296892879531e+06,3.895885630550629912e+02,1.428927091559221481e+03,5.766792500832396399e+03,5.939495167706197520e+01
2.786700681205626577e+06,3.898152219462380117e+02,1.423538092921216958e+03,5.782380004206339436e+03,5.958547528926978742e+01
2.786689882585619576e+06,3.902187693851527683e+02,1.418203336890891023e+03,5.797920027742856291e+03,5.977528036832588754e+01
2.786678891708259936e+06,3.908038128815688879e+02,1.412925860892247783e+03,5.813414243813512257e+03,5.996437414657799536e+01
2.786667699763276614e+06,3.915743228617387217e+02,1.407708766481518978e+03,5.828864383119630475e+03,6.015276426136374965e+01
2.786656298574511427e+06,3.925335296750898237e+02,1.402555206014002806e+03,5.844272231027914131e+03,6.034045876356123728e+01
2.786644680716336705e+06,3.936838270694484549e+02,1.397468367373850015e+03,5.859639623098618358e+03,6.052746612436290263e+01
2.786632839622378815e+06,3.950266856314746633e+02,1.392451456914370510e+03,5.874968439830964599e+03,6.071379524001299899e+01
2.786620769683460705e+06,3.965625796108161012e+02,1.387507680824432555e+03,5.890260600676817376e+03,6.089945543426840402e+01
2.786608466330680531e+06,3.982909302675365097e+02,1.382640225203224190e+03,5.905518057396875520e+03,6.108445645837784355e+01
2.786595926101068966e+06,4.002100684018059269e+02,1.377852235185787322e+03,5.920742786858092586e+03,6.126880848840504257e+01
2.786583146682907362e+06,4.023172180600100205e+02,1.373146793511684336e+03,5.935936783391531208e+03,6.145252211976334422e+01
2.786570126939234324e+06,4.046085025978822500e+02,1.368526898965466899e+03,5.951102050846885504e+03,6.163560835889825995e+01
2.786556866908388678e+06,4.070789733705115054e+02,1.363995445137268916e+03,5.966240594491154297e+03,6.181807861209365029e+01
2.786543367782102898e+06,4.097226603731569980e+02,1.359555199953171950e+03,5.981354412905786376e+03,6.199994467144527022e+01
2.786529631861615926e+06,4.125326432428639123e+02,1.355208786407125672e+03,5.996445490035118382e+03,6.218121869810567404e+01
2.786515662494165357e+06,4.155011402133904994e+02,1.350958664890702494e+03,6.011515787533169714e+03,6.236191320296002516e+01
2.786501463992021978e+06,4.186196119495864423e+02,1.346807117464891007e+03,6.026567237542709336e+03,6.254204102494532691e+01
2.786487041537598241e+06,4.218788767128485233e+02,1.342756234353686750e+03,6.041601736023560989e+03,6.272161530727390044e+01
2.786472401077882387e+06,4.252692330476266420e+02,1.338807902865600909e+03,6.056621136726071200e+03,6.290064947185452837e+01
2.786457549211923964e+06,4.287805861332035988e+02,1.334963798871030804e+03,6.071627245881504678e+03,6.307915719223654349e+01
2.786442493074988481e+06,4.324025740991409066e+02,1.331225380885322920e+03,6.086621817657606698e+03,6.325715236541957154e+01
2.786427240222851280e+06,4.361246909273303913e+02,1.327593886732710189e+03,6.101606550402070752e+03,6.343464908287075588e+01
2.786411798518998548e+06,4.399364030183050431e+02,1.324070332699093797e+03,6.116583083675502166e+03,6.361166160110180812e+01
2.786396176027569454e+06,4.438272570401929329e+02,1.320655515023894168e+03,6.131552996053521383e+03,6.378820431212837860e+01
2.786380380913828965e+06,4.477869772607660366e+02,1.317350013535208063e+03,6.146517803661268772e+03,6.396429171413161185e+01
2.786364421353884973e+06,4.518055511463348353e+02,1.314154197197993426e+03,6.161478959390296041e+03,6.413993838260294922e+01
2.786348305454435293e+06,4.558733025620830404e+02,1.311068231323132522e+03,6.176437852736088644e+03,6.431515894222944496e+01
2.786332041183197871e+06,4.599809524018938305e+02,1.308092086173933694e+03,6.191395810189453186e+03,6.448996803973902558e+01
2.786315636309973896e+06,4.641196668954607958e+02,1.305225546705860097e+03,6.206354096110079809e+03,6.466438031789589047e+01
2.786299098358246032e+06,4.682810941780803091e+02,1.302468223182643214e+03,6.221313914010949702e+03,6.483841039078973267e+01
2.786282434566616546e+06,4.724573899631404288e+02,1.299819562425698450e+03,6.236276408182896375e+03,6.501207282054744496e+01
2.786265651859513484e+06,4.766412333328082696e+02,1.297278859473375405e+03,6.251242665592560115e+03,6.518538209553750562e+01
2.786248756826178171e+06,4.808258337671115896e+02,1.294845269448396948e+03,6.266213717991817248e+03,6.535835261013403397e+01
2.786231755707131699e+06,4.850049305753904605e+02,1.292517819456465759e+03,6.281190544181617042e+03,6.553099864606042502e+01
2.786214654387021437e+06,4.891727858888223182e+02,1.290295420363655921e+03,6.296174072380526923e+03,6.570333435532128874e+01
2.786197458392943721e+06,4.933241723289381753e+02,1.288176878325106827e+03,6.311165182653348893e+03,6.587537374470302609e+01
2.786180172897625715e+06,4.974543563958991967e+02,1.286160905960715354e+03,6.326164709362778012e+03,6.604713066181304271e+01
2.786162802725982852e+06,5.015590785305906252e+02,1.284246133095465666e+03,6.341173443611100083e+03,6.621861878260781964e+01
2.786145352365052793e+06,5.056345307044052788e+02,1.282431117002008477e+03,6.356192135647627765e+03,6.638985160035392141e+01
2.786127825975982472e+06,5.096773322861858446e+02,1.280714352100476617e+03,6.371221497219025878e+03,6.656084241595407036e+01
2.786110227407906670e+06,5.136845048319808029e+02,1.279094279086224560e+03,6.386262203847285491e+03,6.673160432956743193e+01
2.786092560212918092e+06,5.176534463438482589e+02,1.277569293469110562e+03,6.401314897022732112e+03,6.690215023344569545e+01
2.786074827661929652e+06,5.215819054510199066e+02,1.276137753519257330e+03,6.416380186302616494e+03,6.707249280590832541e+01
2.786057032760678325e+06,5.254679558821817409e+02,1.274797987623087010e+03,6.431458651310342248e+03,6.724264450637755886e+01
2.786039178266210482e+06,5.293099715219674408e+02,1.273548301060957101e+03,6.446550843630983763e+03,6.741261757139389488e+01
2.786021266702885274e+06,5.331066022783832068e+02,1.272386982223430323e+03,6.461657288602297740e+03,6.758242401153516710e+01
2.786003300378174521e+06,5.368567509304297118e+02,1.271312308287519272e+03,6.476778487001321992e+03,6.775207560916524585e+01
2.785985281398000196e+06,5.405595510763796483e+02,1.270322550377558173e+03,6.491914916628335050e+03,6.792158391693681097e+01
2.785967211681446526e+06,5.442143462621352228e+02,1.269415978237424952e+03,6.507067033790454843e+03,6.809096025698730159e+01
2.785949092974813655e+06,5.478206703352266231e+02,1.268590864442193606e+03,6.522235274688884601e+03,6.826021572075239874e+01
2.785930926864900161e+06,5.513782290424869643e+02,1.267845488178115147e+03,6.537420056713325721e+03,6.842936116934431823e+01
2.785912714791638311e+06,5.548868828674251290e+02,1.267178138619519814e+03,6.552621779647966832e+03,6.859840723443485899e+01
2.785894458059862722e+06,5.583466310859898840e+02,1.266587117931542480e+03,6.567840826793920314e+03,6.876736431958431695e+01
2.785876157850456424e+06,5.617575970062883925e+02,1.266070743926040677e+03,6.583077566012660100e+03,6.893624260197489662e+01
2.785857815230531152e+06,5.651200143480479028e+02,1.265627352397947334e+03,6.598332350695039167e+03,6.910505203449852729e+01
2.785839431163112167e+06,5.684342147105492131e+02,1.265255299167641397e+03,6.613605520660999900e+03,6.927380234815156257e+01
2.785821006516016554e+06,5.717006160732597664e+02,1.264952961853766965e+03,6.628897402993922697e+03,6.944250305470710316e+01
2.785802542070055846e+06,5.749197122705766105e+02,1.264718741399831288e+03,6.644208312814887904e+03,6.961116344962103142e+01
2.785784038526628632e+06,5.780920633809148512e+02,1.264551063376089587e+03,6.659538554000350814e+03,6.977979261514087739e+01
2.785765496514685918e+06,5.812182869702892276e+02,1.264448379077290838e+03,6.674888419847520709e+03,6.994839942359138263e+01
2.785746916597201489e+06,5.842990501314794756e+02,1.264409166435150837e+03,6.690258193691672204e+03,7.011699254080133414e+01
2.785728299277065787e+06,5.873350622614287886e+02,1.264431930763151513e+03,6.705648149478318373e+03,7.028558042965951813e+01
2.785709645002487116e+06,5.903270685215425146e+02,1.264515205350062161e+03,6.721058552294255605e+03,7.045417135376141005e+01
2.785690954171905294e+06,5.932758439282010841e+02,1.264657551917203591e+03,6.736489658860302370e+03,7.062277338114125769e+01
2.785672227138649672e+06,5.961821880232151898e+02,1.264857560953235179e+03,6.751941717988775963e+03,7.079139438806373619e+01
2.785653464214909356e+06,5.990469200770296538e+02,1.265113851939335746e+03,6.767414971008500288e+03,7.096004206285739713e+01
2.785634665675680619e+06,6.018708747802262451e+02,1.265425073476319994e+03,6.782909652159997677e+03,7.112872390978274950e+01
2.785615831762085669e+06,6.046548983817687031e+02,1.265789903324458464e+03,6.798425988962839256e+03,7.129744725291268992e+01
2.785596962684600148e+06,6.073998452354077244e+02,1.266207048365674609e+03,6.813964202558029683e+03,7.146621924002255355e+01
2.785578058625918347e+06,6.101065747182078667e+02,1.266675244496967480e+03,6.829524508026553121e+03,7.163504684647132592e+01
2.785559119743487332e+06,6.127759484881012213e+02,1.267193256463311172e+03,6.845107114686761633e+03,7.180393687907078970e+01
2.785540146171960048e+06,6.154088280496393963e+02,1.267759877637086674e+03,6.860712226371819270e+03,7.197289597993272992e+01
2.785521138025326654e+06,6.180060725997695954e+02,1.268373929751033756e+03,6.876340041688863494e+03,7.214193063028457686e+01
2.785502095398873556e+06,6.205685371275436637e+02,1.269034262590412709e+03,6.891990754261488291e+03,7.231104715425111351e+01
2.785483018370931037e+06,6.230970707439679472e+02,1.269739753650157127e+03,6.907664552956793159e+03,7.248025172259663407e+01
2.785463907004557084e+06,6.255925152200496768e+02,1.270489307761670489e+03,6.923361622097974760e+03,7.264955035641663983e+01
2.785444761349000037e+06,6.280557037130882918e+02,1.271281856693872669e+03,6.939082141663952825e+03,7.281894893078487030e+01
2.785425581440956797e+06,6.304874596628754944e+02,1.272116358732451999e+03,6.954826287476847028e+03,7.298845317834407354e+01
2.785406367305846419e+06,6.328885958411424326e+02,1.272991798240913113e+03,6.970594231378212498e+03,7.315806869284179470e+01
2.785387118958925828e+06,6.352599135390134961e+02,1.273907185206693612e+03,6.986386141395126288e+03,7.332780093260726062e+01
2.785367836406231858e+06,6.376022018786189847e+02,1.274861554775136256e+03,7.002202181896331240e+03,7.349765522396798190e+01
2.785348519645480905e+06,6.399162372362586666e+02,1.275853966774116316e+03,7.018042513740138020e+03,7.366763676460485044e+01
2.785329168666963931e+06,6.422027827656405634e+02,1.276883505231386835e+03,7.033907294413609634e+03,7.383775062684128443e+01
2.785309783454175107e+06,6.444625880107720377e+02,1.277949277886927348e+03,7.049796678164450896e+03,7.400800176087217608e+01
2.785290363984571304e+06,6.466963885991026473e+02,1.279050415702031387e+03,7.065710816125929341e+03,7.417839499792368940e+01
2.785270910230135079e+06,6.489049060062659464e+02,1.280186072366747339e+03,7.081649856435087713e+03,7.434893505335070074e+01
2.785251422157937661e+06,6.510888473847514888e+02,1.281355423807228817e+03,7.097613944345116579e+03,7.451962652966604139e+01
2.785231899730600417e+06,6.532489054493847789e+02,1.282557667694101838e+03,7.113603222331993493e+03,7.469047391950719827e+01
2.785212342906830367e+06,6.553857584133071441e+02,1.283792022953209653e+03,7.129617830195857096e+03,7.486148160853289824e+01
2.785192751641722396e+06,6.575000699686664802e+02,1.285057729279445084e+03,7.145657905157576351e+03,7.503265387826034782e+01
2.785173125887171365e+06,6.595924893068721531e+02,1.286354046654802232e+03,7.161723581950819607e+03,7.520399490883100668e+01
2.785153465592273977e+06,6.616636511736464854e+02,1.287680254871189163e+03,7.177814992909704415e+03,7.537550878171828117e+01
2.785133770703445189e+06,6.637141759546760795e+02,1.289035653058818980e+03,7.193932268052729341e+03,7.554719948236747484e+01
2.785114041164937895e+06,6.657446697880658348e+02,1.290419559220609472e+03,7.210075535162688539e+03,7.571907090277537122e+01
2.785094276918824296e+06,6.677557247000813732e+02,1.291831309773135899e+03,7.226244919863253017e+03,7.589112684400498665e+01
2.785074477905426640e+06,6.697479187611648968e+02,1.293270259094561879e+03,7.242440545692527849e+03,7.606337101864113492e+01
2.785054644063438289e+06,6.717218162593705983e+02,1.294735779079830309e+03,7.258662534173014137e+03,7.623580705318711637e+01
2.785034775330040138e+06,6.736779678887683076e+02,1.296227258703447887e+03,7.274911004879124448e+03,7.640843849039779911e+01
2.785014871641163249e+06,6.756169109504965036e+02,1.297744103590029681e+03,7.291186075501720552e+03,7.658126879155825861e+01
2.784994932931590825e+06,6.775391695645396339e+02,1.299285735592895207e+03,7.307487861910379252e+03,7.675430133870388261e+01
2.784974959135076031e+06,6.794452548903475417e+02,1.300851592380718103e+03,7.323816478212876973e+03,7.692753943678251005e+01
2.784954950184488203e+06,6.813356653546900361e+02,1.302441127032438544e+03,7.340172036812578881e+03,7.710098631576714467e+01
2.784934906011878978e+06,6.832108868853557624e+02,1.304053807640489367e+03,7.356554648463721605e+03,7.727464513270426494e+01
2.784914826548631303e+06,6.850713931493148721e+02,1.305689116922264930e+03,7.372964422324535917e+03,7.744851897372282679e+01
2.784894711725500412e+06,6.869176457942971865e+02,1.307346551840066468e+03,7.389401466008465832e+03,7.762261085597954491e+01
2.784874561472700443e+06,6.887500946926646748e+02,1.309025623229278381e+03,7.405865885633541438e+03,7.779692372955825874e+01
2.784854375720020384e+06,6.905691781867302552e+02,1.310725855434916866e+03,7.422357785869932741e+03,7.797146047932203317e+01
2.784834154396797065e+06,6.923753233347381411e+02,1.312446785956400618e+03,7.438877269986031024e+03,7.814622392671356010e+01
2.784813897432012949e+06,6.941689461566681985e+02,1.314187965100516067e+03,7.455424439892688497e+03,7.832121683150735691e+01
2.784793604754386004e+06,6.959504518794174146e+02,1.315948955642542387e+03,7.471999396186180093e+03,7.849644189352072488e+01
2.784773276292383205e+06,6.977202351806689649e+02,1.317729332495356175e+03,7.488602238189405398e+03,7.867190175427307963e+01
2.784752911974184681e+06,6.994786804309910622e+02,1.319528682386494893e+03,7.505233063992080133e+03,7.884759899860598864e+01
2.784732511727885809e+06,7.012261619337795082e+02,1.321346603543038782e+03,7.521891970489354208e+03,7.902353615625766281e+01
2.784712075481330045e+06,7.029630441626655966e+02,1.323182705384185510e+03,7.538579053419321099e+03,7.919971570339662037e+01
2.784691603162332904e+06,7.046896819960215907e+02,1.325036608221408414e+03,7.555294407399052943e+03,7.937614006411449452e+01
2.784671094698512927e+06,7.064064209483435661e+02,1.326907942966100791e+03,7.572038125959797071e+03,7.955281161187716066e+01
2.784650550017497502e+06,7.081135973982509313e+02,1.328796350844487961e+03,7.588810301581028398e+03,7.972973267093946959e+01
2.784629969046824612e+06,7.098115388129164103e+02,1.330701483119821887e+03,7.605611025722844715e+03,7.990690551771876926e+01
2.784609351713973098e+06,7.115005639687306029e+02,1.332623000821479309e+03,7.622440388858448387e+03,8.008433238213449101e+01
2.784588697946397588e+06,7.131809831680812977e+02,1.334560574481158028e+03,7.639298480504526196e+03,8.026201544891114281e+01
2.784568007671553642e+06,7.148530984521416940e+02,1.336513883875669535e+03,7.656185389251203560e+03,8.043995685884172531e+01
2.784547280816906597e+06,7.165172038095537346e+02,1.338482617776478492e+03,7.673101202791252945e+03,8.061815871002546885e+01
2.784526517309903633e+06,7.181735853809103673e+02,1.340466473705661656e+03,7.690046007947966245e+03,8.079662305906190056e+01
2.784505717078015208e+06,7.198225216590667515e+02,1.342465157698253734e+03,7.707019890702376870e+03,8.097535192222292721e+01
2.784484880048747640e+06,7.214642836851252241e+02,1.344478384070722541e+03,7.724022936219763324e+03,8.115434727658276870e+01
2.784464006149623543e+06,7.230991352401396171e+02,1.346505875195603267e+03,7.741055228875317880e+03,8.133361106112522521e+01
2.784443095308238175e+06,7.247273330325136840e+02,1.348547361281938265e+03,7.758116852278663828e+03,8.151314517781781888e+01
2.784422147452170495e+06,7.263491268810629435e+02,1.350602580161551487e+03,7.775207889298407281e+03,8.169295149265559530e+01
2.784401162509107031e+06,7.279647598937549446e+02,1.352671277080952677e+03,7.792328422085163766e+03,8.187303183667749806e+01
2.784380140406762715e+06,7.295744686421207916e+02,1.354753204498727882e+03,7.809478532094274669e+03,8.205338800695450630e+01
2.784359081072894856e+06,7.311784833313945455e+02,1.356848121888253672e+03,7.826658300107956165e+03,8.223402176755433857e+01
2.784337984435378574e+06,7.327770279663164956e+02,1.358955795545708952e+03,7.843867806256400399e+03,8.241493485047305967e+01
2.784316850422100164e+06,7.343703205127250158e+02,1.361075998403084213e+03,7.861107130038720243e+03,8.259612895654562692e+01
2.784295678961010184e+06,7.359585730548632228e+02,1.363208509846256220e+03,7.878376350342768092e+03,8.277760575633288909e+01
2.784274469980156515e+06,7.375419919484909315e+02,1.365353115537738859e+03,7.895675545464736388e+03,8.295936689097926831e+01
2.784253223407687154e+06,7.391207779697822389e+02,1.367509607244295466e+03,7.913004793128114216e+03,8.314141397305063208e+01
2.784231939171778969e+06,7.406951264600605782e+02,1.369677782668983809e+03,7.930364170501638910e+03,8.332374858734991108e+01
2.784210617200731300e+06,7.422652274663878416e+02,1.371857445287752398e+03,7.947753754217440473e+03,8.350637229170588682e+01
2.784189257422920782e+06,7.438312658780083666e+02,1.374048404190241172e+03,7.965173620388018207e+03,8.368928661774380373e+01
2.784167859766815789e+06,7.453934215586896244e+02,1.376250473924907965e+03,7.982623844622887191e+03,8.387249307163635592e+01
2.784146424160993658e+06,7.469518694749511951e+02,1.378463474348124691e+03,8.000104502044722722e+03,8.405599313482612445e+01
2.784124950534138363e+06,7.485067798201953337e+02,1.380687230477271896e+03,8.017615667304962699e+03,8.423978826473927484e+01
2.784103438815030735e+06,7.500583181347352593e+02,1.382921572347696838e+03,8.035157414599022559e+03,8.442387989546944027e+01
2.784081888932588976e+06,7.516066454217396995e+02,1.385166334873341157e+03,8.052729817680665292e+03,8.460826943844935499e+01
2.784060300815876573e+06,7.531519182590207038e+02,1.387421357711004021e+03,8.070332949876284147e+03,8.479295828309884087e+01
2.784038674394065980e+06,7.546942889067125861e+02,1.389686485128084769e+03,8.087966884098415903e+03,8.497794779746041627e+01
2.784017009596517775e+06,7.562339054107244465e+02,1.391961565873706377e+03,8.105631692858950373e+03,8.516323932881087444e+01
2.783995306352762040e+06,7.577709117020244776e+02,1.394246453053072173e+03,8.123327448281730540e+03,8.534883420426088207e+01
2.783973564592448063e+06,7.593054476915757505e+02,1.396541004005009654e+03,8.141054222114767981e+03,8.553473373133454061e+01
2.783951784245514777e+06,7.608376493609566751e+02,1.398845080182507218e+03,8.158812085741837109e+03,8.572093919853492139e+01
2.783929965242048725e+06,7.623676488484967422e+02,1.401158547036161053e+03,8.176601110193830209e+03,8.590745187589281784e+01
2.783908107512396760e+06,7.638955745308777523e+02,1.403481273900470796e+03,8.194421366159167519e+03,8.609427301549754930e+01
2.783886210987159982e+06,7.654215511000139713e+02,1.405813133882749753e+03,8.212272923994529265e+03,8.628140385201781726e+01
2.783864275597275235e+06,7.669456996351265161e+02,1.408154003754627638e+03,8.230155853734149787e+03,8.646884560320182800e+01
2.783842301273914520e+06,7.684681376697784572e+02,1.410503763846031461e+03,8.248070225099181698e+03,8.665659947036942867e+01
2.783820287948662415e+06,7.699889792537250059e+02,1.412862297941403767e+03,8.266016107506487970e+03,8.684466663888214555e+01
2.783798235553463455e+06,7.715083350092737646e+02,1.415229493178195298e+03,8.283993570076754622e+03,8.703304827860770843e+01
2.783776144020683132e+06,7.730263121820015613e+02,1.417605239947369000e+03,8.302002681642024982e+03,8.722174554436486460e+01
2.783754013283187989e+06,7.745430146854001805e+02,1.419989431795858764e+03,8.320043510753077499e+03,8.741075957635774785e+01
2.783731843274341896e+06,7.760585431392523788e+02,1.422381965330820321e+03,8.338116125685513907e+03,8.760009150059732974e+01
2.783709633928098250e+06,7.775729949012222733e+02,1.424782740125518103e+03,8.356220594445801908e+03,8.778974242930797800e+01
2.783687385179049335e+06,7.790864640913247285e+02,1.427191658626749131e+03,8.374356984776588433e+03,8.797971346132464987e+01
2.783665096962484531e+06,7.805990416087763606e+02,1.429608626063550673e+03,8.392525364161068865e+03,8.817000568247502201e+01
2.783642769214503467e+06,7.821108151406360776e+02,1.432033550357127979e+03,8.410725799826932416e+03,8.836062016594971169e+01
2.783620401872081682e+06,7.836218691617013974e+02,1.434466342031793602e+03,8.428958358749299805e+03,8.855155797266419881e+01
2.783597994873150252e+06,7.851322849249189630e+02,1.436906914126711172e+03,8.447223107653069746e+03,8.874282015160174808e+01
2.783575548156694509e+06,7.866421404416217911e+02,1.439355182108232611e+03,8.465520113014355957e+03,8.893440774015208206e+01
2.783553061662935186e+06,7.881515104506469243e+02,1.441811063782709880e+03,8.483849441060714526e+03,8.912632176443307230e+01
2.783530535333410837e+06,7.896604663755555293e+02,1.444274479209436777e+03,8.502211157770836508e+03,8.931856323960420241e+01
2.783507969111070968e+06,7.911690762687106826e+02,1.446745350613574374e+03,8.520605328872814425e+03,8.951113317016564963e+01
2.783485362940561492e+06,7.926774047412272921e+02,1.449223602298743572e+03,8.539032019841401052e+03,8.970403255024737632e+01
2.783462716768307146e+06,7.941855128774024024e+02,1.451709160559035354e+03,8.557491295893874849e+03,8.989726236388720793e+01
2.783440030542701948e+06,7.956934581322051372e+02,1.454201953590094945e+03,8.575983221984824922e+03,9.009082358529511225e+01
2.783417304214414209e+06,7.972012942102466013e+02,1.456701911399013397e+03,8.594507862798913266e+03,9.028471717910726113e+01
2.783394537736521102e+06,7.987090709244679374e+02,1.459208965712615736e+03,8.613065282742767522e+03,9.047894410062677650e+01
2.783371731064846739e+06,8.002168340325648614e+02,1.461723049883740714e+03,8.631655545934174370e+03,9.067350529605533893e+01
2.783348884158259258e+06,8.017246250489776003e+02,1.464244098795162699e+03,8.650278716190314299e+03,9.086840170270669148e+01
2.783325996978949290e+06,8.032324810300267472e+02,1.466772048760587950e+03,8.668934857013033252e+03,9.106363424921255501e+01
2.783303069492815528e+06,8.047404343295621629e+02,1.469306837422324179e+03,8.687624031572260719e+03,9.125920385571379256e+01
2.783280101669912692e+06,8.062485123221327967e+02,1.471848403644933796e+03,8.706346302686790295e+03,9.145511143403693666e+01
2.783257093484819401e+06,8.077567370904007475e+02,1.474396687404421755e+03,8.725101732802089828e+03,9.165135788785653403e+01
2.783234044917176478e+06,8.092651250732042172e+02,1.476951629672113313e+03,8.743890383965139335e+03,9.184794411284342175e+01
2.783210955952250864e+06,8.107736866702473435e+02,1.479513172292602121e+03,8.762712317795982017e+03,9.204487099679974449e+01
2.783187826581466012e+06,8.122824257989803982e+02,1.482081257854914384e+03,8.781567595455220726e+03,9.224213941977228615e+01
2.783164656803188846e+06,8.137913393987921609e+02,1.484655829556014851e+03,8.800456277607727316e+03,9.243975025415284108e+01
2.783141446623320226e+06,8.153004168770892193e+02,1.487236831055603943e+03,8.819378424381489822e+03,9.263770436475994074e+01
2.783118196056265850e+06,8.168096394912813594e+02,1.489824206321228303e+03,8.838334095321783025e+03,9.283600260890106881e+01
2.783094905125702731e+06,8.183189796600952377e+02,1.492417899462438982e+03,8.857323349339472770e+03,9.303464583641061836e+01
2.783071573865699582e+06,8.198284001968954726e+02,1.495017854552718518e+03,8.876346244653552276e+03,9.323363488967210344e+01
2.783048202321783174e+06,8.213378534570485954e+02,1.497624015437695789e+03,8.895402838726558912e+03,9.343297060361231843e+01
2.783024790552075952e+06,8.228472803903683825e+02,1.500236325528065436e+03,8.914493188192966045e+03,9.363265380567064256e+01
2.783001338628842961e+06,8.243566094889882834e+02,1.502854727575549987e+03,8.933617348779162057e+03,9.383268531574097437e+01
2.782977846639787778e+06,8.258657556198471639e+02,1.505479163429756909e+03,8.952775375214334417e+03,9.403306594608447710e+01
2.782954314689866267e+06,8.273746187299716439e+02,1.508109573774026103e+03,8.971967321131449353e+03,9.423379650120858742e+01
2.782930742903023493e+06,8.288830824115451605e+02,1.510745897837815846e+03,8.991193238957286667e+03,9.443487777771187552e+01
2.782907131424248219e+06,8.303910123125077689e+02,1.513388073082960773e+03,9.010453179790061768e+03,9.463631056409033704e+01
2.782883480421859771e+06,8.318982543768747746e+02,1.516036034861139569e+03,9.029747193263816371e+03,9.483809564050108065e+01
2.782859790089884773e+06,8.334046328977132134e+02,1.518689716039228870e+03,9.049075327397815272e+03,9.504023377848292853e+01
2.782836060650879052e+06,8.349099483637600088e+02,1.521349046589225964e+03,9.068437628429630422e+03,9.524272574062148067e+01
2.782812292358876672e+06,8.364139750791445067e+02,1.524013953138878605e+03,9.087834140630084221e+03,9.544557228016641659e+01
2.782788485502746422e+06,8.379164585335877291e+02,1.526684358478787772e+03,9.107264906098564097e+03,9.564877414058489080e+01
2.782764640409887768e+06,8.394171124984839025e+02,1.529360181021545031e+03,9.126729964535539693e+03,9.585233205504887621e+01
2.782740757450224366e+06,8.409156158220329189e+02,1.532041334207791351e+03,9.146229352991776977e+03,9.605624674585189382e+01
2.782716837040737271e+06,8.424116088942811302e+02,1.534727725853537322e+03,9.165763105590112900e+03,9.626051892374583474e+01
2.782692879650314339e+06,8.439046897503874334e+02,1.537419257432947688e+03,9.185331253217738777e+03,9.646514928719290083e+01
2.782668885805220343e+06,8.453944097779750564e+02,1.540115823289686432e+03,9.204933823186705922e+03,9.667013852151752928e+01
2.782644856095089577e+06,8.468802689914920165e+02,1.542817309769818166e+03,9.224570838857538547e+03,9.687548729795629754e+01
2.782620791179401800e+06,8.483617108340515642e+02,1.545523594268012175e+03,9.244242319224467792e+03,9.708119627259218021e+01
2.782596691794818733e+06,8.498381164639496319e+02,1.548234544178774513e+03,9.263948278456693515e+03,9.728726608516147678e+01
2.782572558763022535e+06,8.513087984806560371e+02,1.550950015742965888e+03,9.283688725392361448e+03,9.749369735771854550e+01
2.782548392999505624e+06,8.527729940419794730e+02,1.553669852779484245e+03,9.303463662979889705e+03,9.770049069315105328e+01
2.782524195523047354e+06,8.542298573215441593e+02,1.556393885291043489e+03,9.323273087662404578e+03,9.790764667352146944e+01
2.782499967466254253e+06,8.556784512534101168e+02,1.559121927931944356e+03,9.343116988698713612e+03,9.811516585822718639e+01
2.782475710086974781e+06,8.571177385084178013e+02,1.561853778324818450e+03,9.362995347415529977e+03,9.832304878195098752e+01
2.782451424780804664e+06,8.585465716454606309e+02,1.564589215212498857e+03,9.382908136384303361e+03,9.853129595239468586e+01
2.782427113094831351e+06,8.599636823800798311e+02,1.567327996429927680e+03,9.402855318515365070e+03,9.873990784775642737e+01
2.782402776742430869e+06,8.613676699127792062e+02,1.570069856680158864e+03,9.422836846062407858e+03,9.894888491394681296e+01
2.782378417619548738e+06,8.627569882610746390e+02,1.572814505097404208e+03,9.442852659528625736e+03,9.915822756150396344e+01
2.782354037822254002e+06,8.641299325421766753e+02,1.575561622579240293e+03,9.462902686466450177e+03,9.936793616218378133e+01
2.782329639665764757e+06,8.654846241582579296e+02,1.578310858869084541e+03,9.482986840161360306e+03,9.957801104519424484e+01
2.782305225705102086e+06,8.668189948438889587e+02,1.581061829369220050e+03,9.503105018190921328e+03,9.978845249304356457e+01
2.782280798757202458e+06,8.681307695458665421e+02,1.583814111664283018e+03,9.523257100847753463e+03,9.999926073695934292e+01
2.782256361924773082e+06,8.694174481201491744e+02,1.586567241734273694e+03,9.543442949417458294e+03,1.002104359518481687e+02
2.782231918621755205e+06,8.706762858495554838e+02,1.589320709836559672e+03,9.563662404299477203e+03,1.004219782507462213e+02
2.782207472600518260e+06,8.719042728104681146e+02,1.592073956036156687e+03,9.583915282961232151e+03,1.006338876787240793e+02
2.782183027980564162e+06,8.730981121473610074e+02,1.594826365364554476e+03,9.604201377713628972e+03,1.008461642061955530e+02
2.782158589279036503e+06,8.742541973523490242e+02,1.597577262588804388e+03,9.624520453297924178e+03,1.010588077215777361e+02
2.782134161442429293e+06,8.753685886935799090e+02,1.600325906574285000e+03,9.644872244273527031e+03,1.012718180232563867e+02
2.782109749879757408e+06,8.764369889925936832e+02,1.603071484228118607e+03,9.665256452197283579e+03,1.014851948107994417e+02
2.782085360496701673e+06,8.774547190176674576e+02,1.605813104014057444e+03,9.685672742586575623e+03,1.016989376753637373e+02
2.782060999730378855e+06,8.784166928388685847e+02,1.608549789034953847e+03,9.706120741658964107e+03,1.019130460892314716e+02
2.782036674584488384e+06,8.793173935812392301e+02,1.611280469686212882e+03,9.726600032844853558e+03,1.021275193944361206e+02
2.782012392664127517e+06,8.801508501162487619e+02,1.614003975892002245e+03,9.747110153071967943e+03,1.023423567903949021e+02
2.781988162209552247e+06,8.809106153474835992e+02,1.616719028947011338e+03,9.767650588823216822e+03,1.025575573205132258e+02
2.781963992128294893e+06,8.815897468740711247e+02,1.619424232999061132e+03,9.788220771976632022e+03,1.027731198577064617e+02
2.781939892024293076e+06,8.821807909520729254e+02,1.622118066223666119e+03,9.808820075437568448e+03,1.029890430887731014e+02
2.781915872223336715e+06,8.826757708169570833e+02,1.624798871759124268e+03,9.829447808585353414e+03,1.032053254976028995e+02
2.781891943793038838e+06,8.830661805741947319e+02,1.627464848491723842e+03,9.850103212558309679e+03,1.034219653471705413e+02
2.781868118556110188e+06,8.833429860029459633e+02,1.630114041803782584e+03,9.870785455415085380e+03,1.036389606603028426e+02
2.781844409095422830e+06,8.834966337405732020e+02,1.632744334423082364e+03,9.891493627216954337e+03,1.038563091992094769e+02
2.781820828748522326e+06,8.835170704121634344e+02,1.635353437540372624e+03,9.912226735088177520e+03,1.040740084438001389e+02
2.781797391590395011e+06,8.833937733247311144e+02,1.637938882391418929e+03,9.932983698323119825e+03,1.042920555688051820e+02
2.781774112402088474e+06,8.831157943449526329e+02,1.640498012530642654e+03,9.953763343621554668e+03,1.045104474197910633e+02
2.781751006623406429e+06,8.826718185041551124e+02,1.643027977053473478e+03,9.974564400546247271e+03,1.047291804881282076e+02
2.781728090288047679e+06,8.820502387066611618e+02,1.645525725053406859e+03,9.995385497309493076e+03,1.049482508850682621e+02
2.781705379939418752e+06,8.812392476403289265e+02,1.647988001624314393e+03,1.001622515700740041e+04,1.051676543150755521e+02
2.781682892526200972e+06,8.802269475864534343e+02,1.650411345737904185e+03,1.003708179443067820e+04,1.053873860486254586e+02
2.781660645276894793e+06,8.790014782913880254e+02,1.652792090336814908e+03,1.005795371358797092e+04,1.056074408947241494e+02
2.781638655553372111e+06,8.775511623927604887e+02,1.655126364984514794e+03,1.007883910608267615e+04,1.058278131734357572e+02
2.781616940684338566e+06,8.758646670989646736e+02,1.657410101398993902e+03,1.009973605048333957e+04,1.060484966887669600e+02
2.781595517780381721e+06,8.739311799249221622e+02,1.659639042169278127e+03,1.012064251282218902e+04,1.062694847022868885e+02
2.781574403533522040e+06,8.717405953279344430e+02,1.661808752906071732e+03,1.014155634834446391e+04,1.064907699079089980e+02
2.781553614004850388e+06,8.692837081181362464e+02,1.663914638013100785e+03,1.016247530461240058e+04,1.067123444082963744e+02
2.781533164405472577e+06,8.665524086060796662e+02,1.665951960181183949e+03,1.018339702604239574e+04,1.069341996933650023e+02
2.781513068876180332e+06,8.635398736718686905e+02,1.667915863605451477e+03,1.020431905991959138e+04,1.071563266213892689e+02
2.781493340272514615e+06,8.602407473768253112e+02,1.669801400809748884e+03,1.022523886389806830e+04,1.073787154032034152e+02
2.781473989962167572e+06,8.566513044654783471e+02,1.671603562835873390e+03,1.024615381494858048e+04,1.076013555899777003e+02
2.781455027641656343e+06,8.527695901850865994e+02,1.673317312424361944e+03,1.026706121967081526e+04,1.078242360650227170e+02
2.781436461179117672e+06,8.485955303192702104e+02,1.674937619685578966e+03,1.028795832583949596e+04,1.080473450400124875e+02
2.781418296489086933e+06,8.441310061996661034e+02,1.676459499642504397e+03,1.030884233500853043e+04,1.082706700559705411e+02
2.781400537444424350e+06,8.393798906943682141e+02,1.677878050927372897e+03,1.032971041595566385e+04,1.084941979892564063e+02
2.781383185828682035e+06,8.343480427092331411e+02,1.679188494841191186e+03,1.035055971872024020e+04,1.087179150627133168e+02
2.781366241330756806e+06,8.290432594786539084e+02,1.680386213942956601e+03,1.037138738895802271e+04,1.089418068620255440e+02
2.781349701582244597e+06,8.234751877448632058e+02,1.681466789328767618e+03,1.039219058232984207e+04,1.091658583572180987e+02
2.781333562234950718e+06,8.176551966970869216e+02,1.682426035790576407e+03,1.041296647863596627e+04,1.093900539291283991e+02
2.781317817075939383e+06,8.115962171348996890e+02,1.683260034109535127e+03,1.043371229542418223e+04,1.096143774005673066e+02
2.781302458174654283e+06,8.053125526239715555e+02,1.683965159834565384e+03,1.045442530081816585e+04,1.098388120717814331e+02
2.781287476056534331e+06,7.988196693453332955e+02,1.684538108018754428e+03,1.047510282534932048e+04,1.100633407597595834e+02
2.781272859896166250e+06,7.921339718565499197e+02,1.684975913524413500e+03,1.049574227261180567e+04,1.102879458408290247e+02
2.781258597723354585e+06,7.852725720787929049e+02,1.685275966656192395e+03,1.051634112860772984e+04,1.105126092959655750e+02
2.781244676634981763e+06,7.782530585274523673e+02,1.685436024029579812e+03,1.053689696969421311e+04,1.107373127581859507e+02
2.781231083006448578e+06,7.710932721748608856e+02,1.685454214723931955e+03,1.055740746909076552e+04,1.109620375613901615e+02
2.781217802696916740e+06,7.638110944504629742e+02,1.685329041895852924e+03,1.057787040194816836e+04,1.111867647900199785e+02
2.781204821243682411e+06,7.564242518350866931e+02,1.685059380137805192e+03,1.059828364901930763e+04,1.114114753289395310e+02
2.781192124041757081e+06,7.489501403792331757e+02,1.684644468952865736e+03,1.061864519900251616e+04,1.116361499129580608e+02
2.781179696506037842e+06,7.414056723507320612e+02,1.684083902780170547e+03,1.063895314965613034e+04,1.118607691754845632e+02
2.781167524214298930e+06,7.338071461598102587e+02,1.683377618045173676e+03,1.065920570780006165e+04,1.120853136958558451e+02
2.781155593030121177e+06,7.261701397688549378e+02,1.682525877727977786e+03,1.067940118833251290e+04,1.123097640449286558e+02
2.781143889205832966e+06,7.185094270005529324e+02,1.681529253942135028e+03,1.069953801239515451e+04,1.125341008286250712e+02
2.781132399465922732e+06,7.108389155269552475e+02,1.680388609000332508e+03,1.071961470482311597e+04,1.127583047291504244e+02
2.781121111072183587e+06,7.031716048542170938e+02,1.679105075414514431e+03,1.073962989100840423e+04,1.129823565436841477e+02
2.781110011871946510e+06,6.955195623036257757e+02,1.677680035240197640e+03,1.075958229330215909e+04,1.132062372204061802e+02
2.781099090331092943e+06,6.878939148123428140e+02,1.676115099130897761e+03,1.077947072706817198e+04,1.134299278917719107e+02
2.781088335553860292e+06,6.803048543160377903e+02,1.674412085421829943e+03,1.079929409649233639e+04,1.136534099049893740e+02
2.781077737290893216e+06,6.727616545071039127e+02,1.672572999514138928e+03,1.081905139023706397e+04,1.138766648497120713e+02
2.781067285937746055e+06,6.652726968645749821e+02,1.670600013784519888e+03,1.083874167702028353e+04,1.140996745829807963e+02
2.781056972525359597e+06,6.578455040041552593e+02,1.668495448200725377e+03,1.085836410118527783e+04,1.143224212514850819e+02
2.781046788704019506e+06,6.504867785810242822e+02,1.666261751782858028e+03,1.087791787831683359e+04,1.145448873112451480e+02
2.781036726722306106e+06,6.432024461791826297e+02,1.663901485013794172e+03,1.089740229094782808e+04,1.147670555448160741e+02
2.781026779402437620e+06,6.359977008273007186e+02,1.661417303269549848e+03,1.091681668439215173e+04,1.149889090761515718e+02
2.781016940112592187e+06,6.288770519828738088e+02,1.658811941312907265e+03,1.093616046273043867e+04,1.152104313832541749e+02
2.781007202737839427e+06,6.218443720178306648e+02,1.656088198869663302e+03,1.095543308496774443e+04,1.154316063087626105e+02
2.780997561649850570e+06,6.149029434152323574e+02,1.653248927287722154e+03,1.097463406137697348e+04,1.156524180686118228e+02
2.780988011676402763e+06,6.080555050456609933e+02,1.650297017263102816e+03,1.099376295003570704e+04,1.158728512589164694e+02
2.780978548070941120e+06,6.013042970324532916e+02,1.647235387604773223e+03,1.101281935355956375e+04,1.160928908612187342e+02
2.780969166482880246e+06,5.946511038370526876e+02,1.644066975000372167e+03,1.103180291603312617e+04,1.163125222462324331e+02
2.780959862928653136e+06,5.880972952998041592e+02,1.640794724738017749e+03,1.105071332013452775e+04,1.165317311762328103e+02
2.780950633763945196e+06,5.816438654591854629e+02,1.637421582334611685e+03,1.106955028444930031e+04,1.167505038061979548e+02
2.780941475657285657e+06,5.752914690447939847e+02,1.633950486017660523e+03,1.108831356096751188e+04,1.169688266838424937e+02
2.780932385564881843e+06,5.690404555982970578e+02,1.630384360006317593e+03,1.110700293275526928e+04,1.171866867486443198e+02
2.780923360707109794e+06,5.628909012235541240e+02,1.626726108536893207e+03,1.112561821179260733e+04,1.174040713299785637e+02
2.780914398546301294e+06,5.568426380038267780e+02,1.622978610578371217e+03,1.114415923696930258e+04,1.176209681444506003e+02
2.780905496766141616e+06,5.508952811521099875e+02,1.619144715185114137e+03,1.116262587222792536e+04,1.178373652925276360e+02
2.780896653252481017e+06,5.450482539811902143e+02,1.615227237435362440e+03,1.118101800484639352e+04,1.180532512545519808e+02
2.780887866075561382e+06,5.393008107947332519e+02,1.611228954906634954e+03,1.119933554384958006e+04,1.182686148862102158e+02
2.780879133473592810e+06,5.336520578103131811e+02,1.607152604641512198e+03,1.121757841854193975e+04,1.184834454135309443e+02
2.780870453837632202e+06,5.281009722308741630e+02,1.603000880559750613e+03,1.123574657715131252e+04,1.186977324274834871e+02
2.780861825697687920e+06,5.226464195835402506e+02,1.598776431275815185e+03,1.125383998557738960e+04,1.189114658782247460e+02
2.780853247709966265e+06,5.172871694446057518e+02,1.594481858283235852e+03,1.127185862623466346e+04,1.191246360690610544e+02
2.780844718645226676e+06,5.120219096675424453e+02,1.590119714470262352e+03,1.128980249698507032e+04,1.193372336501660556e+02
2.780836237378069200e+06,5.068492592273059358e+02,1.585692502933776495e+03,1.130767161015072998e+04,1.195492496120951813e+02
2.780827802877269685e+06,5.017677797899155507e+02,1.581202676060955582e+03,1.132546599160257938e+04,1.197606752791529772e+02
2.780819414196814410e+06,4.967759861108874020e+02,1.576652634850904406e+03,1.134318567991686541e+04,1.199715023026279255e+02
2.780811070467932615e+06,4.918723553606105838e+02,1.572044728450442790e+03,1.136083072559566244e+04,1.201817226539415486e+02
2.780802770891684107e+06,4.870553354687096430e+02,1.567381253880673967e+03,1.137840119034456802e+04,1.203913286177346578e+02
2.780794514732299838e+06,4.823233525735266198e+02,1.562664455933035242e+03,1.139589714640419334e+04,1.206003127849183869e+02
2.780786301311153453e+06,4.776748176568720510e+02,1.557896527215230208e+03,1.141331867592984054e+04,1.208086680457098652e+02
2.780778130001228768e+06,4.731081324382823254e+02,1.553079608329456050e+03,1.143066587041616003e+04,1.210163875826716549e+02
2.780770000222213566e+06,4.686216945975060639e+02,1.548215788166842913e+03,1.144793883016268956e+04,1.212234648637823682e+02
2.780761911435901187e+06,4.642139023883671598e+02,1.543307104303699816e+03,1.146513766377666616e+04,1.214298936355382921e+02
2.780753863142191898e+06,4.598831587021636551e+02,1.538355543486312854e+03,1.148226248771052633e+04,1.216356679161119558e+02
2.780745854875352234e+06,4.556278746338308565e+02,1.533363042192561124e+03,1.149931342583051264e+04,1.218407819885766230e+02
2.780737886200725567e+06,4.514464725995844674e+02,1.528331487259681580e+03,1.151629060901470075e+04,1.220452303942023349e+02
2.780729956711682957e+06,4.473373890505174018e+02,1.523262716568585574e+03,1.153319417477679235e+04,1.222490079258372901e+02
2.780722066026861314e+06,4.432990768226788418e+02,1.518158519776159892e+03,1.155002426691501205e+04,1.224521096213797620e+02
2.780714213787808083e+06,4.393300071605630706e+02,1.513020639087765858e+03,1.156678103518272837e+04,1.226545307573501304e+02
2.780706399656662717e+06,4.354286714474849305e+02,1.507850770063151003e+03,1.158346463497974946e+04,1.228562668425614390e+02
2.780698623314196244e+06,4.315935826733108911e+02,1.502650562449458221e+03,1.160007522706268537e+04,1.230573136119032540e+02
2.780690884457994718e+06,4.278232766671214904e+02,1.497421621035963653e+03,1.161661297727246165e+04,1.232576670202295048e+02
2.780683182800828014e+06,4.241163131198007363e+02,1.492165506525572937e+03,1.163307805627784546e+04,1.234573232363679267e+02
2.780675518069187179e+06,4.204712764191469887e+02,1.486883736418683156e+03,1.164947063933374920e+04,1.236562786372380316e+02
2.780667890001932625e+06,4.168867763179404733e+02,1.481577785905676365e+03,1.166579090605306556e+04,1.238545298020935377e+02
2.780660298349085730e+06,4.133614484534257940e+02,1.476249088764470571e+03,1.168203904019129914e+04,1.240520735068810581e+02
2.780652742870851886e+06,4.098939547348518317e+02,1.470899038260202815e+03,1.169821522944248136e+04,1.242489067187161424e+02
2.780645223336501978e+06,4.064829836140739303e+02,1.465528988044409516e+03,1.171431966524609561e+04,1.244450265904844315e+02
2.780637739523635246e+06,4.031272502527651795e+02,1.460140253051216177e+03,1.173035254260395050e+04,1.246404304555569951e+02
2.780630291217284743e+06,3.998254965983619513e+02,1.454734110388723366e+03,1.174631405990606436e+04,1.248351158226305415e+02
2.780622878209261224e+06,3.965764913797523263e+02,1.449311800223654700e+03,1.176220441876573932e+04,1.250290803706825926e+02
2.780615500297509134e+06,3.933790300324851046e+02,1.443874526657673641e+03,1.177802382386180761e+04,1.252223219440459587e+02
2.780608157285504509e+06,3.902319345624013636e+02,1.438423458594241765e+03,1.179377248278923435e+04,1.254148385475998282e+02
2.780600848981784657e+06,3.871340533555703018e+02,1.432959730594698385e+03,1.180945060591593756e+04,1.256066283420791621e+02
2.780593575199458748e+06,3.840842609416582150e+02,1.427484443722627702e+03,1.182505840624676421e+04,1.257976896394919919e+02
2.780586335755712818e+06,3.810814577171350948e+02,1.421998666375730636e+03,1.184059609929293219e+04,1.259880208986547814e+02
2.780579130471585784e+06,3.781245696339808546e+02,1.416503435104475784e+03,1.185606390294779703e+04,1.261776207208382061e+02
2.780571959171510767e+06,3.752125478590299963e+02,1.410999755416980634e+03,1.187146203736751522e+04,1.263664878455186056e+02
2.780564821683021728e+06,3.723443684085042378e+02,1.405488602569643945e+03,1.188679072485701909e+04,1.265546211462409474e+02
2.780557717836500611e+06,3.695190317618238964e+02,1.399970922343201892e+03,1.190205018976072643e+04,1.267420196265838541e+02
2.780550647464971058e+06,3.667355624583172471e+02,1.394447631803857348e+03,1.191724065835736837e+04,1.269286824162297336e+02
2.780543610403739382e+06,3.639930086801040261e+02,1.388919620049350669e+03,1.193236235875989041e+04,1.271146087671368008e+02
2.780536606490365695e+06,3.612904418239772895e+02,1.383387748939831226e+03,1.194741552081821646e+04,1.272997980498097803e+02
2.780529635564336553e+06,3.586269560649467394e+02,1.377852853813361207e+03,1.196240037602676966e+04,1.274842497496686207e+02
2.780522697466998827e+06,3.560016679136272160e+02,1.372315744186155143e+03,1.197731715743521272e+04,1.276679634635102616e+02
2.780515792041335255e+06,3.534137157695881228e+02,1.366777204437450564e+03,1.199216609956236425e+04,1.278509388960683282e+02
2.780508919131876901e+06,3.508622594723706243e+02,1.361237994479184181e+03,1.200694743831394408e+04,1.280331758566603924e+02
2.780502078584574163e+06,3.483464798518554062e+02,1.355698850410461318e+03,1.202166141090258498e+04,1.282146742559239954e+02
2.780495270246683620e+06,3.458655782793248932e+02,1.350160485157048697e+03,1.203630825577204268e+04,1.283954341026455666e+02
2.780488493966656737e+06,3.434187762204757064e+02,1.344623589095909892e+03,1.205088821252262278e+04,1.285754555006661803e+02
2.780481749594057444e+06,3.410053147914993019e+02,1.339088830665144769e+03,1.206540152184067847e+04,1.287547386458793994e+02
2.780475036979466211e+06,3.386244543191840535e+02,1.333556856959324932e+03,1.207984842543024934e+04,1.289332838233010534e+02
2.780468355974438600e+06,3.362754739058844962e+02,1.328028294310606725e+03,1.209422916594649723e+04,1.291110914042289153e+02
2.780461706431367900e+06,3.339576710001289825e+02,1.322503748855747972e+03,1.210854398693291478e+04,1.292881618434702773e+02
2.780455088203501422e+06,3.316703609735089913e+02,1.316983807089342235e+03,1.212279313275948698e+04,1.294644956766511825e+02
2.780448501144805923e+06,3.294128767044490473e+02,1.311469036403412019e+03,1.213697684856375963e+04,1.296400935175963980e+02
2.780441945109970868e+06,3.271845681693508254e+02,1.305959985613821800e+03,1.215109538019392858e+04,1.298149560557835116e+02
2.780435419954276178e+06,3.249848020416044960e+02,1.300457185473551817e+03,1.216514897415402083e+04,1.299890840538656676e+02
2.780428925533624366e+06,3.228129612988312260e+02,1.294961149173234162e+03,1.217913787755072008e+04,1.301624783452620306e+02
2.780422461704453919e+06,3.206684448387490534e+02,1.289472372829255164e+03,1.219306233804277508e+04,1.303351398318183101e+02
2.780416028323664330e+06,3.185506671039750586e+02,1.283991335959696244e+03,1.220692260379168874e+04,1.305070694815288448e+02
2.780409625248596538e+06,3.164590577160809062e+02,1.278518501948256699e+03,1.222071892341436251e+04,1.306782683263233764e+02
2.780403252336989623e+06,3.143930611191489106e+02,1.273054318496722772e+03,1.223445154593809639e+04,1.308487374599166060e+02
2.780396909446900245e+06,3.123521362331104001e+02,1.267599218066065760e+03,1.224812072075615106e+04,1.310184780357162140e+02
2.780390596436723135e+06,3.103357561171250723e+02,1.262153618306503176e+03,1.226172669758619668e+04,1.311874912647917881e+02
2.780384313165033236e+06,3.083434076432062625e+02,1.256717922476953390e+03,1.227526972642975124e+04,1.313557784138991451e+02
2.780378059490629937e+06,3.063745911803775925e+02,1.251292519854002194e+03,1.228875005753350160e+04,1.315233408035629168e+02
2.780371835272428580e+06,3.044288202895808126e+02,1.245877786130835375e+03,1.230216794135217242e+04,1.316901798062099544e+02
2.780365640369403176e+06,3.025056214296038775e+02,1.240474083806375120e+03,1.231552362851287216e+04,1.318562968443606849e+02
2.780359474640591070e+06,3.006045336743047756e+02,1.235081762564949031e+03,1.232881736978121808e+04,1.320216933888684707e+02
2.780353337944929954e+06,2.987251084414039610e+02,1.229701159646773249e+03,1.234204941602906365e+04,1.321863709572102721e+02
2.780347230141236447e+06,2.968669092331920183e+02,1.224332600209650764e+03,1.235522001820336664e+04,1.323503311118296040e+02
2.780341151088169776e+06,2.950295113894616179e+02,1.218976397682075003e+03,1.236832942729712522e+04,1.325135754585246843e+02
2.780335100644056220e+06,2.932125018530681473e+02,1.213632854108217998e+03,1.238137789432165482e+04,1.326761056448818294e+02
2.780329078666931950e+06,2.914154789485468768e+02,1.208302260484960243e+03,1.239436567028048557e+04,1.328379233587634189e+02
2.780323085014272947e+06,2.896380521742055976e+02,1.202984897091454286e+03,1.240729300614450767e+04,1.329990303268280343e+02
2.780317119543041568e+06,2.878798420082821963e+02,1.197681033811462157e+03,1.242016015282954322e+04,1.331594283131066732e+02
2.780311182109529618e+06,2.861404797296668789e+02,1.192390930448835434e+03,1.243296736117452747e+04,1.333191191176149744e+02
2.780305272569211200e+06,2.844196072538835551e+02,1.187114837036500603e+03,1.244571488192228026e+04,1.334781045750084729e+02
2.780299390776632819e+06,2.827168769850125614e+02,1.181852994139339444e+03,1.245840296570125793e+04,1.336363865532794080e+02
2.780293536585204303e+06,2.810319516843530323e+02,1.176605633151279108e+03,1.247103186300967900e+04,1.337939669524982946e+02
2.780287709847153630e+06,2.793645043566971253e+02,1.171372976587057337e+03,1.248360182420114143e+04,1.339508477035850262e+02
2.780281910413234960e+06,2.777142181551800491e+02,1.166155238368942264e+03,1.249611309947186419e+04,1.341070307671300839e+02
2.780276138132612687e+06,2.760807863057920031e+02,1.160952624109030239e+03,1.250856593885080474e+04,1.342625181322455887e+02
2.780270392852557823e+06,2.744639120527286309e+02,1.155765331387302467e+03,1.252096059219079507e+04,1.344173118154604083e+02
2.780264674418316688e+06,2.728633086258770390e+02,1.150593550026109597e+03,1.253329730916253538e+04,1.345714138596454745e+02
2.780258982672826853e+06,2.712786992319071828e+02,1.145437462361412827e+03,1.254557633925056325e+04,1.347248263329824454e+02
2.780253317456335295e+06,2.697098170705134521e+02,1.140297243511422039e+03,1.255779793175177292e+04,1.348775513279637153e+02
2.780247678606241476e+06,2.681564053775932734e+02,1.135173061642988614e+03,1.256996233577631938e+04,1.350295909604315909e+02
2.780242065956640989e+06,2.666182174972168468e+02,1.130065078236471663e+03,1.258206980025133817e+04,1.351809473686506919e+02
2.780236479338019621e+06,2.650950169845271489e+02,1.124973448349597220e+03,1.259412057392772294e+04,1.353316227124155944e+02
2.780230918576810975e+06,2.635865777418097196e+02,1.119898320880872689e+03,1.260611490538957696e+04,1.354816191721960479e+02
2.780225383494958282e+06,2.620926841902329443e+02,1.114839838833398517e+03,1.261805304306736252e+04,1.356309389483137977e+02
2.780219873909426853e+06,2.606131314799677625e+02,1.109798139579603912e+03,1.262993523525436831e+04,1.357795842601577760e+02
2.780214389631656464e+06,2.591477257415971280e+02,1.104773355127747891e+03,1.264176173012708568e+04,1.359275573454350479e+02
2.780208930466993246e+06,2.576962843820067519e+02,1.099765612391036484e+03,1.265353277576954861e+04,1.360748604594514006e+02
2.780203496214039158e+06,2.562586364281713145e+02,1.094775033460138275e+03,1.266524862020235560e+04,1.362214958744372097e+02
2.780198086663900409e+06,2.548346229225295474e+02,1.089801735880053911e+03,1.267690951141603182e+04,1.363674658788985141e+02
2.780192701599502470e+06,2.534240973738807270e+02,1.084845832932390067e+03,1.268851569741016283e+04,1.365127727770162096e+02
2.780187340794682037e+06,2.520269262680419047e+02,1.079907433923969847e+03,1.270006742623751052e+04,1.366574188880734084e+02
2.780182004013267811e+06,2.506429896427383426e+02,1.074986644483077043e+03,1.271156494605436274e+04,1.368014065459302913e+02
2.780176691008130088e+06,2.492721817314756549e+02,1.070083566864394470e+03,1.272300850517758408e+04,1.369447380985279210e+02
2.780171401519993786e+06,2.479144116813764072e+02,1.065198300264065210e+03,1.273439835214854793e+04,1.370874159074429599e+02
2.780166135276355781e+06,2.465696043502022690e+02,1.060330941146170289e+03,1.274573473580454265e+04,1.372294423474783116e+02
2.780160891990061849e+06,2.452377011879220845e+02,1.055481583582117082e+03,1.275701790535912369e+04,1.373708198062979022e+02
2.780155671358018182e+06,2.439186612083798593e+02,1.050650319604587594e+03,1.276824811049055461e+04,1.375115506841090678e+02
2.780150473059529439e+06,2.426124620566074555e+02,1.045837239577613900e+03,1.277942560144042909e+04,1.376516373933897341e+02
2.780145296754758339e+06,2.413191011773510013e+02,1.041042432584585868e+03,1.279055062912304493e+04,1.377910823586664435e+02
2.780140142082809936e+06,2.400385970902059398e+02,1.036265986836050388e+03,1.280162344524528453e+04,1.379298880163444494e+02
2.780135008659874555e+06,2.387709907764466095e+02,1.031507990099276412e+03,1.281264430243956122e+04,1.380680568145895109e+02
2.780129896077042446e+06,2.375163471821783219e+02,1.026768530151590539e+03,1.282361345440926380e+04,1.382055912132694857e+02
2.780124803898124490e+06,2.362747568416833985e+02,1.022047695259531565e+03,1.283453115608883309e+04,1.383424936839559223e+02
2.780119731657165568e+06,2.350463376238436410e+02,1.017345574686153213e+03,1.284539766381864501e+04,1.384787667099909925e+02
2.780114678855855484e+06,2.338312366031597378e+02,1.012662259228495145e+03,1.285621323553623915e+04,1.386144127866155600e+02
2.780109644960752223e+06,2.326296320551087433e+02,1.007997841787550101e+03,1.286697813098540246e+04,1.387494344211794441e+02
2.780104629400381353e+06,2.314417355733244221e+02,1.003352417972897683e+03,1.287769261194264800e+04,1.388838341334179631e+02
2.780099631562038790e+06,2.302677943032038570e+02,9.987260867440263610e+02,1.288835694246442654e+04,1.390176144558144813e+02
2.780094650788539555e+06,2.291080932830126358e+02,9.941189510905483075e+02,1.289897138915437245e+04,1.391507779340466868e+02
2.780089686374790967e+06,2.279629578792375924e+02,9.895311187528189976e+02,1.290953622145284862e+04,1.392833271275254958e+02
2.780084737564154435e+06,2.268327562976781735e+02,9.849627029846941468e+02,1.292005171194857030e+04,1.394152646100259858e+02
2.780079803544808179e+06,2.257179021455647216e+02,9.804138233594792382e+02,1.293051813671468153e+04,1.395465929704232622e+02
2.780074883445895277e+06,2.246188570125802073e+02,9.758846066196427955e+02,1.294093577566863496e+04,1.396773148135386577e+02
2.780069976333678234e+06,2.235361330301304008e+02,9.713751875703501355e+02,1.295130491295738284e+04,1.398074327610871137e+02
2.780065081207803451e+06,2.224702953583265526e+02,9.668857100159123092e+02,1.296162583736757551e+04,1.399369494527637983e+02
2.780060196997419931e+06,2.214219645389736399e+02,9.624163277373547771e+02,1.297189884276103476e+04,1.400658675474326174e+02
2.780055322557591368e+06,2.203918186403818709e+02,9.579672055080371820e+02,1.298212422853438329e+04,1.401941897244640813e+02
2.780050456665958744e+06,2.193805951061485189e+02,9.535385201427657194e+02,1.299230230010266314e+04,1.403219186851981704e+02
2.780045598019659519e+06,2.183890922053887493e+02,9.491304615742374153e+02,1.300243336940467816e+04,1.404490571545505873e+02
2.780040745232773013e+06,2.174181699665543022e+02,9.447432339485520743e+02,1.301251775542761607e+04,1.405756078827611759e+02
2.780035896834407933e+06,2.164687504615021965e+02,9.403770567292762053e+02,1.302255578474815775e+04,1.407015736472869207e+02
2.780031051267567091e+06,2.155418172914744730e+02,9.360321657970389424e+02,1.303254779208511900e+04,1.408269572548509814e+02
2.780026206888959277e+06,2.146384141131949548e+02,9.317088145286724057e+02,1.304249412085918448e+04,1.409517615436240021e+02
2.780021361969992984e+06,2.137596420323231428e+02,9.274072748369161445e+02,1.305239512375199774e+04,1.410759893855612006e+02
2.780016514699218329e+06,2.129066556847484719e+02,9.231278381484646616e+02,1.306225116325796444e+04,1.411996436888727260e+02
2.780011663186258636e+06,2.120806578249949439e+02,9.188708162945093818e+02,1.307206261221844215e+04,1.413227274006261212e+02
2.780006805467622355e+06,2.112828922475373474e+02,9.146365422849463584e+02,1.308182985432781970e+04,1.414452435094652003e+02
2.780001939514535479e+06,2.105146348827396707e+02,9.104253709337913278e+02,1.309155328459997509e+04,1.415671950484364459e+02
2.779997063242885284e+06,2.097771829367360965e+02,9.062376793007724700e+02,1.310123330978036938e+04,1.416885850978943893e+02
2.779992174525621347e+06,2.090718419852514671e+02,9.020738669116532265e+02,1.311087034869055242e+04,1.418094167884681553e+02
2.779987271207502112e+06,2.083999109867132518e+02,8.979343557183899520e+02,1.312046483248791083e+04,1.419296933040564284e+02
2.779982351122283842e+06,2.077626652504532672e+02,8.938195897599224509e+02,1.313001720482520977e+04,1.420494178848181548e+02
2.779977412112310529e+06,2.071613374808345895e+02,8.897300344854506875e+02,1.313952792189439242e+04,1.421685938301197041e+02
2.779972452050339896e+06,2.065970971160735132e+02,8.856661757048404979e+02,1.314899745233657086e+04,1.422872245013843440e+02
2.779967468863247428e+06,2.060710282878360715e+02,8.816285181355113991e+02,1.315842627700558842e+04,1.424053133248117149e+02
2.779962460557263345e+06,2.055841068393525859e+02,8.776175835218584780e+02,1.316781488857114164e+04,1.425228637938965619e+02
2.779957425244312733e+06,2.051371769489629173e+02,8.736339083124651097e+02,1.317716379095174671e+04,1.426398794716992029e+02
2.779952361168543343e+06,2.047309280045827506e+02,8.696780408911309905e+02,1.318647349857066547e+04,1.427563639928076498e+02
2.779947266732680611e+06,2.043658724534881230e+02,8.657505383710047226e+02,1.319574453543210257e+04,1.428723210649267230e+02
2.779942140523136593e+06,2.040423254019530077e+02,8.618519629752180435e+02,1.320497743402154629e+04,1.429877544700426313e+02
2.779936981333103497e+06,2.037603867525050703e+02,8.579828780429654671e+02,1.321417273403611580e+04,1.431026680651060019e+02
2.779931788182901219e+06,2.035199266365806068e+02,8.541438437150991376e+02,1.322333098096031426e+04,1.432170657821787927e+02
2.779926560336672235e+06,2.033205748241401238e+02,8.503354123682261161e+02,1.323245272450497941e+04,1.433309516280071421e+02
2.779921297314835247e+06,2.031617146698370107e+02,8.465581238791120313e+02,1.324153851693442084e+04,1.434443296829899737e+02
2.779915998901786283e+06,2.030424819927371232e+02,8.428125008116314802e+02,1.325058891130998563e+04,1.435572040995065493e+02
2.779910665148493368e+06,2.029617690921905933e+02,8.390990436258153977e+02,1.325960445968209024e+04,1.436695790996150208e+02
2.779905296369874384e+06,2.029182338890209394e+02,8.354182260113090024e+02,1.326858571126660900e+04,1.437814589720989034e+02
2.779899893136875704e+06,2.029103139634220838e+02,8.317704904467268534e+02,1.327753321063809381e+04,1.438928480688998945e+02
2.779894456264086533e+06,2.029362450544539911e+02,8.281562440807846315e+02,1.328644749597767623e+04,1.440037508009589544e+02
2.779888986792539246e+06,2.029940834055923062e+02,8.245758550213271292e+02,1.329532909740602372e+04,1.441141716335033607e+02
2.779883485969180707e+06,2.030817311984291678e+02,8.210296491055432853e+02,1.330417853543195088e+04,1.442241150808399084e+02
2.779877955223334022e+06,2.031969642209319034e+02,8.175179072086701808e+02,1.331299631954088363e+04,1.443335857007203629e+02
2.779872396140963305e+06,2.033374608716381147e+02,8.140408631308370104e+02,1.332178294694363467e+04,1.444425880883482876e+02
2.779866810437931214e+06,2.035008316062003928e+02,8.105987020835093517e+02,1.333053890149912695e+04,1.445511268700992105e+02
2.779861199932717718e+06,2.036846479833463093e+02,8.071915597788395189e+02,1.333926465281968194e+04,1.446592066970437713e+02
2.779855566519531421e+06,2.038864705555809849e+02,8.038195221083027491e+02,1.334796065556181020e+04,1.447668322383474333e+02
2.779849912142575253e+06,2.041038749661115901e+02,8.004826253821527189e+02,1.335662734889985222e+04,1.448740081746284147e+02
2.779844238771792036e+06,2.043344757466384465e+02,7.971808570885566496e+02,1.336526515617581936e+04,1.449807391913465437e+02
2.779838548380742781e+06,2.045759474505473463e+02,7.939141571217371620e+02,1.337387448471494827e+04,1.450870299722913046e+02
2.779832842926708981e+06,2.048260428932676689e+02,7.906824194214183308e+02,1.338245572579299915e+04,1.451928851932414091e+02
2.779827124333379325e+06,2.050826083987445827e+02,7.874854939619542620e+02,1.339100925474037285e+04,1.452983095158302262e+02
2.779821394476158079e+06,2.053435960626351289e+02,7.843231890280516154e+02,1.339953543116568289e+04,1.454033075816921894e+02
2.779815655169858597e+06,2.056070731357540069e+02,7.811952737147511243e+02,1.340803459928212214e+04,1.455078840068959494e+02
2.779809908159009647e+06,2.058712287040002025e+02,7.781014805920510753e+02,1.341650708831863267e+04,1.456120433767238183e+02
2.779804155110391323e+06,2.061343778937647642e+02,7.750415084784877990e+02,1.342495321300020623e+04,1.457157902408035852e+02
2.779798397607667372e+06,2.063949638660077142e+02,7.720150252733059233e+02,1.343337327408141573e+04,1.458191291086004071e+02
2.779792637147955596e+06,2.066515578800618584e+02,7.690216708023490355e+02,1.344176755891879293e+04,1.459220644453038744e+02
2.779786875139912590e+06,2.069028577123453658e+02,7.660610596389713010e+02,1.345013634206949428e+04,1.460246006680773689e+02
2.779781112903375644e+06,2.071476847085102690e+02,7.631327838673378210e+02,1.345847988590551358e+04,1.461267421426956901e+02
2.779775351670088712e+06,2.073849797326367081e+02,7.602364157612282725e+02,1.346679844123270050e+04,1.462284931805453425e+02
2.779769592585444450e+06,2.076137982565452944e+02,7.573715103571630607e+02,1.347509224790754524e+04,1.463298580359798677e+02
2.779763836710940581e+06,2.078333048082727998e+02,7.545376079055462242e+02,1.348336153544459012e+04,1.464308409040270647e+02
2.779758085027310997e+06,2.080427669729229194e+02,7.517342361881808301e+02,1.349160652360915446e+04,1.465314459184148461e+02
2.779752338438054547e+06,2.082415491130192891e+02,7.489609126944351374e+02,1.349982742299068013e+04,1.466316771499061815e+02
2.779746597773247398e+06,2.084291059500430663e+02,7.462171466517210092e+02,1.350802443555468381e+04,1.467315386049326378e+02
2.779740863793577068e+06,2.086049761249803964e+02,7.435024409088807715e+02,1.351619775517000198e+04,1.468310342244862454e+02
2.779735137194497976e+06,2.087687758336963100e+02,7.408162936734182722e+02,1.352434756810997169e+04,1.469301678832737537e+02
2.779729418610361870e+06,2.089201926132437279e+02,7.381582001054209741e+02,1.353247405352773785e+04,1.470289433890964972e+02
2.779723708618499804e+06,2.090589793378409809e+02,7.355276537724740820e+02,1.354057738390366649e+04,1.471273644824439089e+02
2.779718007743263617e+06,2.091849484681648903e+02,7.329241479710965450e+02,1.354865772546689914e+04,1.472254348362802432e+02
2.779712316459856927e+06,2.092979665848232003e+02,7.303471769209946842e+02,1.355671523858975706e+04,1.473231580560103851e+02
2.779706635198097676e+06,2.093979492260597794e+02,7.277962368389106587e+02,1.356475007815715799e+04,1.474205376795991072e+02
2.779700964345981367e+06,2.094848560409159859e+02,7.252708268993759475e+02,1.357276239391114359e+04,1.475175771778443163e+02
2.779695304252917413e+06,2.095586862618315820e+02,7.227704500896475110e+02,1.358075233077171652e+04,1.476142799547645268e+02
2.779689655233054422e+06,2.096194744949596611e+02,7.202946139661776215e+02,1.358872002913549113e+04,1.477106493481097971e+02
2.779684017568077426e+06,2.096672868219814916e+02,7.178428313199734703e+02,1.359666562515306578e+04,1.478066886299718874e+02
2.779678391510035843e+06,2.097022172038188899e+02,7.154146207578177155e+02,1.360458925098629152e+04,1.479024010074810462e+02
2.779672777283954900e+06,2.097243841741680797e+02,7.130095072061742485e+02,1.361249103504726918e+04,1.479977896235819799e+02
2.779667175090076402e+06,2.097339278090011021e+02,7.106270223444003022e+02,1.362037110221936746e+04,1.480928575578766981e+02
2.779661585106177256e+06,2.097310069570888800e+02,7.082667049732554005e+02,1.362822957406244132e+04,1.481876078275224984e+02
2.779656007489560172e+06,2.097157967159684802e+02,7.059281013247039027e+02,1.363606656900256530e+04,1.482820433881857412e+02
2.779650442378906067e+06,2.096884861375012008e+02,7.036107653183204320e+02,1.364388220250777886e+04,1.483761671350285667e+02
2.779644889895922970e+06,2.096492761472773054e+02,7.013142587694665053e+02,1.365167658725163528e+04,1.484699819037380166e+02
2.779639350147047546e+06,2.095983776624172776e+02,6.990381515539464772e+02,1.365944983326326474e+04,1.485634904715741413e+02
2.779633823224742431e+06,2.095360098927877175e+02,6.967820217334652853e+02,1.366720204806786387e+04,1.486566955584475238e+02
2.779628309208901599e+06,2.094623988112722657e+02,6.945454556459965261e+02,1.367493333681620607e+04,1.487495998280122365e+02
2.779622808167964686e+06,2.093777757794144634e+02,6.923280479646895174e+02,1.368264380240510945e+04,1.488422058887649939e+02
2.779617320160073228e+06,2.092823763155356573e+02,6.901294017287478937e+02,1.369033354558873361e+04,1.489345162951604777e+02
2.779611845234027598e+06,2.091764389931531127e+02,6.879491283494163554e+02,1.369800266508289678e+04,1.490265335487240748e+02
2.779606383430188987e+06,2.090602044583677070e+02,6.857868475938381607e+02,1.370565125766122947e+04,1.491182600991709819e+02
2.779600934781310614e+06,2.089339145556328674e+02,6.836421875494423830e+02,1.371327941824484697e+04,1.492096983455167560e+02
2.779595499313247856e+06,2.087978115520948847e+02,6.815147845711600212e+02,1.372088723998623209e+04,1.493008506371898818e+02
2.779590077045717742e+06,2.086521374514535410e+02,6.794042832136117340e+02,1.372847481434723704e+04,1.493917192751322887e+02
2.779584667992779054e+06,2.084971333889573941e+02,6.773103361502097641e+02,1.373604223117157017e+04,1.494823065128942119e+02
2.779579272163509391e+06,2.083330390998601445e+02,6.752326040808944754e+02,1.374358957875310080e+04,1.495726145577141324e+02
2.779573889562442899e+06,2.081600924542706821e+02,6.731707556300978013e+02,1.375111694389939112e+04,1.496626455715918667e+02
2.779568520190053619e+06,2.079785290519557464e+02,6.711244672363387735e+02,1.375862441199117166e+04,1.497524016723425575e+02
2.779563164043115452e+06,2.077885818711588684e+02,6.690934230347494349e+02,1.376611206703850257e+04,1.498418849346407171e+02
2.779557821115178522e+06,2.075904809660772798e+02,6.670773147336357169e+02,1.377357999173311327e+04,1.499310973910455118e+02
2.779552491396777332e+06,2.073844532080690044e+02,6.650758414861404617e+02,1.378102826749771521e+04,1.500200410330096474e+02
2.779547174875838682e+06,2.071707220661281212e+02,6.630887097579286547e+02,1.378845697453261710e+04,1.501087178118741292e+02
2.779541871537892614e+06,2.069495074225683027e+02,6.611156331916640738e+02,1.379586619185933705e+04,1.501971296398422453e+02
2.779536581366357394e+06,2.067210254202239810e+02,6.591563324691001071e+02,1.380325599736208824e+04,1.502852783909349625e+02
2.779531304342761170e+06,2.064854883378409340e+02,6.572105351713339587e+02,1.381062646782674165e+04,1.503731659019300935e+02
2.779526040446920320e+06,2.062431044906111026e+02,6.552779756379056835e+02,1.381797767897785889e+04,1.504607939732867408e+02
2.779520789657130372e+06,2.059940781531206255e+02,6.533583948251654192e+02,1.382530970551360224e+04,1.505481643700381653e+02
2.779515551950372290e+06,2.057386095022480959e+02,6.514515401644474650e+02,1.383262262113904762e+04,1.506352788226814141e+02
2.779510327302378602e+06,2.054768945777468900e+02,6.495571654203671415e+02,1.383991649859782046e+04,1.507221390280371622e+02
2.779505115687836893e+06,2.052091252585114489e+02,6.476750305496844931e+02,1.384719140970183435e+04,1.508087466500931555e+02
2.779499917080490384e+06,2.049354892527099992e+02,6.458049015609344679e+02,1.385444742536008562e+04,1.508951033208330159e+02
2.779494731453285553e+06,2.046561701001257632e+02,6.439465503752272753e+02,1.386168461560566175e+04,1.509812106410409172e+02
2.779489558778320905e+06,2.043713471852337875e+02,6.420997546883153291e+02,1.386890304962186019e+04,1.510670701810914522e+02
2.779484399027155712e+06,2.040811957597036894e+02,6.402642978342256583e+02,1.387610279576694666e+04,1.511526834817164513e+02
2.779479252170728520e+06,2.037858869730901574e+02,6.384399686506101261e+02,1.388328392159772557e+04,1.512380520547607432e+02
2.779474118179469369e+06,2.034855879106890768e+02,6.366265613459110000e+02,1.389044649389258848e+04,1.513231773839146683e+02
2.779468997023390606e+06,2.031804616375547994e+02,6.348238753685584470e+02,1.389759057867274532e+04,1.514080609254271224e+02
2.779463888672134839e+06,2.028706672478304540e+02,6.330317152782137100e+02,1.390471624122336470e+04,1.514927041088091642e+02
2.779458793095010798e+06,2.025563599186177441e+02,6.312498906192088270e+02,1.391182354611361006e+04,1.515771083375129535e+02
2.779453710261026397e+06,2.022376909676967216e+02,6.294782157962363272e+02,1.391891255721564085e+04,1.516612749895959098e+02
2.779448640138994902e+06,2.019148079144673602e+02,6.277165099523064100e+02,1.392598333772327896e+04,1.517452054183690962e+02
2.779443582697482314e+06,2.015878545435575688e+02,6.259645968490938230e+02,1.393303595016952022e+04,1.518289009530290627e+02
2.779438537904940546e+06,2.012569709706262699e+02,6.242223047496368054e+02,1.394007045644387108e+04,1.519123628992753083e+02
2.779433505729647819e+06,2.009222937098941770e+02,6.224894663034182258e+02,1.394708691780875779e+04,1.519955925399092393e+02
2.779428486139773857e+06,2.005839557430277296e+02,6.207659184338975820e+02,1.395408539491502961e+04,1.520785911354155076e+02
2.779423479103435297e+06,2.002420865890320556e+02,6.190515022284166662e+02,1.396106594781787317e+04,1.521613599245407897e+02
2.779418484588672407e+06,1.998968123748349512e+02,6.173460628305508635e+02,1.396802863599110970e+04,1.522439001248372961e+02
2.779413502563489601e+06,1.995482559062909615e+02,6.156494493348463948e+02,1.397497351834174879e+04,1.523262129332154302e+02
2.779408532995827962e+06,1.991965367393797521e+02,6.139615146839561248e+02,1.398190065322358350e+04,1.524082995264598708e+02
2.779403575853670482e+06,1.988417712513681863e+02,6.122821155681433538e+02,1.398881009845050721e+04,1.524901610617510244e+02
2.779398631104972214e+06,1.984840727117620247e+02,6.106111123271456336e+02,1.399570191130945568e+04,1.525717986771599044e+02
2.779393698717734311e+06,1.981235513528849026e+02,6.089483688543350581e+02,1.400257614857289627e+04,1.526532134921365582e+02
2.779388778659934644e+06,1.977603144399336657e+02,6.072937525032351687e+02,1.400943286651090239e+04,1.527344066079843117e+02
2.779383870899655391e+06,1.973944663404049038e+02,6.056471339962135971e+02,1.401627212090267312e+04,1.528153791083176714e+02
2.779378975404966157e+06,1.970261085927596412e+02,6.040083873354949446e+02,1.402309396704796745e+04,1.528961320595178108e+02
2.779374092144017573e+06,1.966553399742619774e+02,6.023773897162907360e+02,1.402989845977801087e+04,1.529766665111620796e+02
2.779369221085027792e+06,1.962822565678978890e+02,6.007540214421525206e+02,1.403668565346612377e+04,1.530569834964575193e+02
2.779364362196255941e+06,1.959069518283100422e+02,5.991381658423892986e+02,1.404345560203818241e+04,1.531370840326502218e+02
2.779359515446055681e+06,1.955295166466939634e+02,5.975297091916060026e+02,1.405020835898225232e+04,1.532169691214287752e+02
2.779354680802847724e+06,1.951500394146157191e+02,5.959285406312714031e+02,1.405694397735861639e+04,1.532966397493212583e+02
2.779349858235124964e+06,1.947686060867035565e+02,5.943345520932556383e+02,1.406366250980893346e+04,1.533760968880718565e+02
2.779345047711471561e+06,1.943853002421893450e+02,5.927476382253781821e+02,1.407036400856550972e+04,1.534553414950179899e+02
2.779340249200561084e+06,1.940002031452764584e+02,5.911676963188361924e+02,1.407704852546010443e+04,1.535343745134482276e+02
2.779335462671152316e+06,1.936133938043152796e+02,5.895946262375155129e+02,1.408371611193245553e+04,1.536131968729571895e+02
2.779330688092095312e+06,1.932249490297719774e+02,5.880283303491532934e+02,1.409036681903877616e+04,1.536918094897884259e+02
2.779325925432324875e+06,1.928349434909962099e+02,5.864687134582876524e+02,1.409700069745969995e+04,1.537702132671689128e+02
2.779321174660876859e+06,1.924434497717617489e+02,5.849156827409336756e+02,1.410361779750830647e+04,1.538484090956299610e+02
2.779316435746903066e+06,1.920505384246003189e+02,5.833691476810253107e+02,1.411021816913781186e+04,1.539263978533289219e+02
2.779311708659614436e+06,1.916562780239262054e+02,5.818290200084849175e+02,1.411680186194867201e+04,1.540041804063522477e+02
2.779306993368335068e+06,1.912607352179536235e+02,5.802952136389452562e+02,1.412336892519615139e+04,1.540817576090204568e+02
2.779302289842501283e+06,1.908639747794171342e+02,5.787676446150712763e+02,1.412991940779739161e+04,1.541591303041719527e+02
2.779297598051634151e+06,1.904660596551115930e+02,5.772462310494227040e+02,1.413645335833789795e+04,1.542362993234542330e+02
2.779292917965362780e+06,1.900670510142673493e+02,5.757308930688437840e+02,1.414297082507840787e+04,1.543132654875940375e+02
2.779288249553370290e+06,1.896670082957493548e+02,5.742215527603377723e+02,1.414947185596156487e+04,1.543900296066696285e+02
2.779283592785533052e+06,1.892659892541309432e+02,5.727181341183641052e+02,1.415595649861775928e+04,1.544665924803712187e+02
2.779278947631722782e+06,1.888640500046373347e+02,5.712205629935818934e+02,1.416242480037139285e+04,1.545429548982540382e+02
2.779274314062007703e+06,1.884612450669833379e+02,5.697287670429086575e+02,1.416887680824714334e+04,1.546191176399861149e+02
2.779269692046464421e+06,1.880576274081165025e+02,5.682426756809788913e+02,1.417531256897522871e+04,1.546950814755920476e+02
2.779265081555319484e+06,1.876532484839018764e+02,5.667622200328604549e+02,1.418173212899745340e+04,1.547708471656827385e+02
2.779260482558899559e+06,1.872481582797424551e+02,5.652873328880536974e+02,1.418813553447257618e+04,1.548464154616870871e+02
2.779255895027602557e+06,1.868424053501856861e+02,5.638179486557369273e+02,1.419452283128126146e+04,1.549217871060718608e+02
2.779251318931954913e+06,1.864360368575041491e+02,5.623540033211997979e+02,1.420089406503199280e+04,1.549969628325599444e+02
2.779246754242561758e+06,1.860290986092996093e+02,5.608954344034711994e+02,1.420724928106542757e+04,1.550719433663355460e+02
2.779242200930109248e+06,1.856216350951324330e+02,5.594421809140688993e+02,1.421358852445981211e+04,1.551467294242566481e+02
2.779237658965411596e+06,1.852136895222094495e+02,5.579941833168730909e+02,1.421991184003543276e+04,1.552213217150451214e+02
2.779233128319370560e+06,1.848053038501303718e+02,5.565513834890861062e+02,1.422621927235942348e+04,1.552957209394866709e+02
2.779228608962949365e+06,1.843965188247470905e+02,5.551137246832382743e+02,1.423251086575011504e+04,1.553699277906194993e+02
2.779224100867252331e+06,1.839873740111242739e+02,5.536811514902315139e+02,1.423878666428181714e+04,1.554439429539099535e+02
2.779219604003473185e+06,1.835779078256356911e+02,5.522536098033729104e+02,1.424504671178878743e+04,1.555177671074419834e+02
2.779215118342859205e+06,1.831681575672222948e+02,5.508310467833970279e+02,1.425129105186946617e+04,1.555914009220823857e+02
2.779210643856774550e+06,1.827581594478170928e+02,5.494134108244113577e+02,1.425751972789070169e+04,1.556648450616538355e+02
2.779206180516689084e+06,1.823479486219664523e+02,5.480006515207944631e+02,1.426373278299145568e+04,1.557381001830969467e+02
2.779201728294122964e+06,1.819375592156732182e+02,5.465927196349616679e+02,1.426993026008701054e+04,1.558111669366332421e+02
2.779197287160748150e+06,1.815270243544564721e+02,5.451895670660379665e+02,1.427611220187240906e+04,1.558840459659181477e+02
2.779192857088260818e+06,1.811163761906822458e+02,5.437911468193433393e+02,1.428227865082626886e+04,1.559567379081935314e+02
2.779188438048487995e+06,1.807056459301503821e+02,5.423974129767361774e+02,1.428842964921439125e+04,1.560292433944359232e+02
2.779184030013324227e+06,1.802948638579775604e+02,5.410083206677605858e+02,1.429456523909312273e+04,1.561015630494993047e+02
2.779179632954792120e+06,1.798840593637842744e+02,5.396238260415497052e+02,1.430068546231277833e+04,1.561736974922546608e+02
2.779175246844946407e+06,1.794732609662090113e+02,5.382438862395194974e+02,1.430679036052103220e+04,1.562456473357265736e+02
2.779170871655937284e+06,1.790624963367586417e+02,5.368684593688044515e+02,1.431287997516603173e+04,1.563174131872258670e+02
2.779166507360054180e+06,1.786517923230223630e+02,5.354975044763930327e+02,1.431895434749949891e+04,1.563889956484745483e+02
2.779162153929613531e+06,1.782411749712621543e+02,5.341309815239841328e+02,1.432501351857991176e+04,1.564603953157389071e+02
2.779157811337037478e+06,1.778306695483817350e+02,5.327688513635348500e+02,1.433105752927536196e+04,1.565316127799413550e+02
2.779153479554831050e+06,1.774203005633204100e+02,5.314110757134399137e+02,1.433708642026663983e+04,1.566026486267901134e+02
2.779149158555586822e+06,1.770100917878574478e+02,5.300576171353965265e+02,1.434310023204959725e+04,1.566735034368848858e+02
2.779144848311990965e+06,1.766000662768553582e+02,5.287084390118826605e+02,1.434909900493849091e+04,1.567441777858373655e+02
2.779140548796779942e+06,1.761902463879592915e+02,5.273635055242317549e+02,1.435508277906834519e+04,1.568146722443723604e+02
2.779136259982794058e+06,1.757806538007589268e+02,5.260227816313358744e+02,1.436105159439748604e+04,1.568849873784410249e+02
2.779131981842953712e+06,1.753713095354347047e+02,5.246862330489097985e+02,1.436700549071038768e+04,1.569551237493254803e+02
2.779127714350266848e+06,1.749622339708949710e+02,5.233538262293122898e+02,1.437294450761984626e+04,1.570250819137323504e+02
2.779123457477795426e+06,1.745534468624244653e+02,5.220255283419357966e+02,1.437886868456959746e+04,1.570948624238963873e+02
2.779119211198727135e+06,1.741449673588500957e+02,5.207013072541150223e+02,1.438477806083662290e+04,1.571644658276750022e+02
2.779114975486262236e+06,1.737368140192461112e+02,5.193811315125617512e+02,1.439067267553351849e+04,1.572338926686420564e+02
2.779110750313748606e+06,1.733290048291775634e+02,5.180649703252971676e+02,1.439655256761037890e+04,1.573031434861769640e+02
2.779106535654570907e+06,1.729215572165074661e+02,5.167527935440926967e+02,1.440241777585765158e+04,1.573722188155541062e+02
2.779102331482196227e+06,1.725144880667752432e+02,5.154445716473653647e+02,1.440826833890770831e+04,1.574411191880267609e+02
2.779098137770181522e+06,1.721078137381518047e+02,5.141402757235674699e+02,1.441410429523708626e+04,1.575098451309125949e+02
2.779093954492134508e+06,1.717015500759918325e+02,5.128398774549898462e+02,1.441992568316851248e+04,1.575783971676758597e+02
2.779089781621782575e+06,1.712957124269862561e+02,5.115433491020435781e+02,1.442573254087318310e+04,1.576467758180031637e+02
2.779085619132885709e+06,1.708903156529337366e+02,5.102506634879588887e+02,1.443152490637209303e+04,1.577149815978841332e+02
2.779081466999311466e+06,1.704853741441331749e+02,5.089617939838732923e+02,1.443730281753846430e+04,1.577830150196820966e+02
2.779077325194987468e+06,1.700809018324118824e+02,5.076767144943706853e+02,1.444306631209929401e+04,1.578508765922131829e+02
2.779073193693894427e+06,1.696769122037982243e+02,5.063953994433813932e+02,1.444881542763722791e+04,1.579185668208123161e+02
2.779069072470129933e+06,1.692734183108570676e+02,5.051178237604710262e+02,1.445455020159232117e+04,1.579860862074048384e+02
2.779064961497834418e+06,1.688704327846682816e+02,5.038439628675143922e+02,1.446027067126374823e+04,1.580534352505725906e+02
2.779060860751229804e+06,1.684679678465043935e+02,5.025737926657278081e+02,1.446597687381136529e+04,1.581206144456219818e+02
2.779056770204621833e+06,1.680660353191704530e+02,5.013072895230378663e+02,1.447166884625760758e+04,1.581876242846440732e+02
2.779052689832352567e+06,1.676646466380422851e+02,5.000444302618216739e+02,1.447734662548872075e+04,1.582544652565811134e+02
2.779048619608895853e+06,1.672638128618009716e+02,4.987851921469544436e+02,1.448301024825654713e+04,1.583211378472821593e+02
2.779044559508714359e+06,1.668635446828765510e+02,4.975295528742047964e+02,1.448865975118005190e+04,1.583876425395681906e+02
2.779040509506434668e+06,1.664638524376086366e+02,4.962774905589259902e+02,1.449429517074645264e+04,1.584539798132855992e+02
2.779036469576695468e+06,1.660647461161178171e+02,4.950289837250691107e+02,1.449991654331328027e+04,1.585201501453592243e+02
2.779032439694212750e+06,1.656662353719246425e+02,4.937840112944834914e+02,1.450552390510909936e+04,1.585861540098560738e+02
2.779028419833779801e+06,1.652683295312930909e+02,4.925425525765281805e+02,1.451111729223548718e+04,1.586519918780286957e+02
2.779024409970262088e+06,1.648710376023230140e+02,4.913045872579325533e+02,1.451669674066789776e+04,1.587176642183723345e+02
2.779020410078567453e+06,1.644743682837954282e+02,4.900700953929688239e+02,1.452226228625729163e+04,1.587831714966737593e+02
2.779016420133725274e+06,1.640783299737726111e+02,4.888390573938681314e+02,1.452781396473127279e+04,1.588485141760591546e+02
2.779012440110790543e+06,1.636829307779669875e+02,4.876114540215049828e+02,1.453335181169524731e+04,1.589136927170449098e+02
2.779008469984887168e+06,1.632881785178797998e+02,4.863872663763325477e+02,1.453887586263391131e+04,1.589787075775812468e+02
2.779004509731248952e+06,1.628940807387151040e+02,4.851664758895694831e+02,1.454438615291238602e+04,1.590435592130977795e+02
2.779000559325107373e+06,1.625006447170823094e+02,4.839490643146238540e+02,1.454988271777687441e+04,1.591082480765496996e+02
2.778996618741833605e+06,1.621078774684802113e+02,4.827350137187419818e+02,1.455536559235663481e+04,1.591727746184583907e+02
2.778992687956826761e+06,1.617157857545883815e+02,4.815243064749001292e+02,1.456083481166449201e+04,1.592371392869543172e+02
2.778988766945525073e+06,1.613243760903447708e+02,4.803169252539014451e+02,1.456629041059806696e+04,1.593013425278176953e+02
2.778984855683503207e+06,1.609336547508417254e+02,4.791128530166991482e+02,1.457173242394098452e+04,1.593653847845182554e+02
2.778980954146351200e+06,1.605436277780293608e+02,4.779120730069200818e+02,1.457716088636373752e+04,1.594292664982543499e+02
2.778977062309735455e+06,1.601543009872291066e+02,4.767145687435929631e+02,1.458257583242471446e+04,1.594929881079879408e+02
2.778973180149397347e+06,1.597656799734828326e+02,4.755203240140790513e+02,1.458797729657139644e+04,1.595565500504874024e+02
2.778969307641111314e+06,1.593777701177144195e+02,4.743293228671878978e+02,1.459336531314103377e+04,1.596199527603557158e+02
2.778965444760763086e+06,1.589905765927305481e+02,4.731415496064884678e+02,1.459873991636181927e+04,1.596831966700714531e+02
2.778961591484276112e+06,1.586041043690572110e+02,4.719569887837906776e+02,1.460410114035368133e+04,1.597462822100188760e+02
2.778957747787656728e+06,1.582183582206105257e+02,4.707756251928143456e+02,1.460944901912937166e+04,1.598092098085233772e+02
2.778953913646923844e+06,1.578333427302213465e+02,4.695974438630249210e+02,1.461478358659499463e+04,1.598719798918826882e+02
2.778950089038221166e+06,1.574490622950009140e+02,4.684224300536318992e+02,1.462010487655139150e+04,1.599345928843973184e+02
2.778946273937720340e+06,1.570655211315610131e+02,4.672505692477643038e+02,1.462541292269444602e+04,1.599970492084044054e+02
2.778942468321657740e+06,1.566827232810979069e+02,4.660818471467877089e+02,1.463070775861632137e+04,1.600593492843047159e+02
2.778938672166383825e+06,1.563006726143275955e+02,4.649162496647887224e+02,1.463598941780624955e+04,1.601214935305903566e+02
2.778934885448214132e+06,1.559193728362902220e+02,4.637537629231993606e+02,1.464125793365089157e+04,1.601834823638792784e+02
2.778931108143631369e+06,1.555388274910287691e+02,4.625943732455659756e+02,1.464651333943576356e+04,1.602453161989357113e+02
2.778927340229087044e+06,1.551590399661241690e+02,4.614380671524794479e+02,1.465175566834549500e+04,1.603069954487017696e+02
2.778923581681148615e+06,1.547800134971252248e+02,4.602848313566153138e+02,1.465698495346487834e+04,1.603685205243215819e+02
2.778919832476455718e+06,1.544017511718420224e+02,4.591346527579215149e+02,1.466220122777935831e+04,1.604298918351694851e+02
2.778916092591657303e+06,1.540242559345287248e+02,4.579875184389478591e+02,1.466740452417586494e+04,1.604911097888707729e+02
2.778912362003523856e+06,1.536475305899543002e+02,4.568434156602808685e+02,1.467259487544357944e+04,1.605521747913290653e+02
2.778908640688818879e+06,1.532715778073528270e+02,4.557023318561115275e+02,1.467777231427477818e+04,1.606130872467508652e+02
2.778904928624418564e+06,1.528964001242737538e+02,4.545642546299237665e+02,1.468293687326489635e+04,1.606738475576652547e+02
2.778901225787259173e+06,1.525219999503231918e+02,4.534291717503091377e+02,1.468808858491389947e+04,1.607344561249480819e+02
2.778897532154304441e+06,1.521483795708030868e+02,4.522970711468670970e+02,1.469322748162638527e+04,1.607949133478484782e+02
2.778893847702605184e+06,1.517755411502508309e+02,4.511679409062507489e+02,1.469835359571281333e+04,1.608552196240016769e+02
2.778890172409248538e+06,1.514034867358835186e+02,4.500417692682887605e+02,1.470346695938931953e+04,1.609153753494557293e+02
2.778886506251425482e+06,1.510322182609408799e+02,4.489185446222413134e+02,1.470856760477910939e+04,1.609753809186910303e+02
2.778882849206310697e+06,1.506617375479479506e+02,4.477982555031270522e+02,1.471365556391253813e+04,1.610352367246415497e+02
2.778879201251211111e+06,1.502920463118785506e+02,4.466808905881696887e+02,1.471873086872803106e+04,1.610949431587083893e+02
2.778875562363467645e+06,1.499231461632356570e+02,4.455664386933469814e+02,1.472379355107242918e+04,1.611545006107863287e+02
2.778871932520451955e+06,1.495550386110495822e+02,4.444548887699978081e+02,1.472884364270165133e+04,1.612139094692793435e+02
2.778868311699630227e+06,1.491877250657884701e+02,4.433462299015648682e+02,1.473388117528115254e+04,1.612731701211149584e+02
2.778864699878531508e+06,1.488212068421944991e+02,4.422404513003968987e+02,1.473890618038676621e+04,1.613322829517682919e+02
2.778861097034672741e+06,1.484554851620370641e+02,4.411375423046379751e+02,1.474391868950484604e+04,1.613912483452755851e+02
2.778857503145752940e+06,1.480905611567951894e+02,4.400374923752253835e+02,1.474891873403298814e+04,1.614500666842491796e+02
2.778853918189409189e+06,1.477264358702647087e+02,4.389402910929367749e+02,1.475390634528036935e+04,1.615087383498991187e+02
2.778850342143393587e+06,1.473631102610942492e+02,4.378459281555333860e+02,1.475888155446888231e+04,1.615672637220449133e+02
2.778846774985503871e+06,1.470005852052443629e+02,4.367543933749800544e+02,1.476384439273263160e+04,1.616256431791321972e+02
2.778843216693611350e+06,1.466388614983960395e+02,4.356656766747420306e+02,1.476879489111921248e+04,1.616838770982488995e+02
2.778839667245607357e+06,1.462779398582731574e+02,4.345797680871409625e+02,1.477373308058985640e+04,1.617419658551392558e+02
2.778836126619476825e+06,1.459178209269173010e+02,4.334966577507981924e+02,1.477865899202004948e+04,1.617999098242174796e+02
2.778832594793251716e+06,1.455585052728893913e+02,4.324163359081437079e+02,1.478357265619970349e+04,1.618577093785838485e+02
2.778829071744972374e+06,1.451999933934169746e+02,4.313387929029821635e+02,1.478847410383409078e+04,1.619153648900376652e+02
2.778825557452834677e+06,1.448422857164811148e+02,4.302640191781342764e+02,1.479336336554369518e+04,1.619728767290924338e+02
2.778822051894991193e+06,1.444853826028423214e+02,4.291920052731362603e+02,1.479824047186523421e+04,1.620302452649826250e+02
2.778818555049711838e+06,1.441292843480169381e+02,4.281227418220075265e+02,1.480310545325173916e+04,1.620874708656851624e+02
2.778815066895290744e+06,1.437739911841961487e+02,4.270562195510709103e+02,1.480795834007303347e+04,1.621445538979288301e+02
2.778811587410103530e+06,1.434195032821089910e+02,4.259924292768346845e+02,1.481279916261624567e+04,1.622014947272021459e+02
2.778808116572544910e+06,1.430658207528401249e+02,4.249313619039329524e+02,1.481762795108610771e+04,1.622582937177723466e+02
2.778804654361089692e+06,1.427129436495946777e+02,4.238730084231269757e+02,1.482244473560540609e+04,1.623149512326929482e+02
2.778801200754272752e+06,1.423608719694139211e+02,4.228173599093305484e+02,1.482724954621539473e+04,1.623714676338159393e+02
2.778797755730672739e+06,1.420096056548450747e+02,4.217644075197371194e+02,1.483204241287613513e+04,1.624278432818038311e+02
2.778794319268915802e+06,1.416591445955639585e+02,4.207141424919545898e+02,1.483682336546706028e+04,1.624840785361395490e+02
2.778790891347690951e+06,1.413094886299537620e+02,4.196665561422129826e+02,1.484159243378703468e+04,1.625401737551387384e+02
2.778787471945737023e+06,1.409606375466431700e+02,4.186216398636101985e+02,1.484634964755495275e+04,1.625961292959578373e+02
2.778784061041866429e+06,1.406125910859943815e+02,4.175793851244051780e+02,1.485109503641004994e+04,1.626519455146063819e+02
2.778780658614907414e+06,1.402653489415573631e+02,4.165397834663723984e+02,1.485582862991235743e+04,1.627076227659560175e+02
2.778777264643796254e+06,1.399189107614857903e+02,4.155028265031677961e+02,1.486055045754289677e+04,1.627631614037518659e+02
2.778773879107443616e+06,1.395732761499000105e+02,4.144685059187748379e+02,1.486526054870404550e+04,1.628185617806192340e+02
2.778770501984890550e+06,1.392284446682348857e+02,4.134368134659642919e+02,1.486995893272007197e+04,1.628738242480747260e+02
2.778767133255202789e+06,1.388844158365265855e+02,4.124077409648126604e+02,1.487464563883730443e+04,1.629289491565363335e+02
2.778763772897487506e+06,1.385411891346835773e+02,4.113812803012498307e+02,1.487932069622434574e+04,1.629839368553318479e+02
2.778760420890901703e+06,1.381987640037101244e+02,4.103574234256502109e+02,1.488398413397286276e+04,1.630387876927056254e+02
2.778757077214695048e+06,1.378571398469007363e+02,4.093361623514579151e+02,1.488863598109734266e+04,1.630935020158289319e+02
2.778753741848104633e+06,1.375163160310025035e+02,4.083174891538575366e+02,1.489327626653590960e+04,1.631480801708096635e+02
2.778750414770491887e+06,1.371762918873428703e+02,4.073013959684633960e+02,1.489790501915021196e+04,1.632025225026967234e+02
2.778747095961220097e+06,1.368370667129291860e+02,4.062878749900657454e+02,1.490252226772615904e+04,1.632568293554922718e+02
2.778743785399716813e+06,1.364986397715115061e+02,4.052769184713866366e+02,1.490712804097382468e+04,1.633110010721576941e+02
2.778740483065465000e+06,1.361610102946286247e+02,4.042685187218859824e+02,1.491172236752812933e+04,1.633650379946203373e+02
2.778737188937992789e+06,1.358241774826103665e+02,4.032626681065986531e+02,1.491630527594876912e+04,1.634189404637828318e+02
2.778733902996908408e+06,1.354881405055607786e+02,4.022593590449897079e+02,1.492087679472081254e+04,1.634727088195311353e+02
2.778730625221827999e+06,1.351528985043158571e+02,4.012585840098487893e+02,1.492543695225487681e+04,1.635263434007370904e+02
2.778727355592441745e+06,1.348184505913670534e+02,4.002603355262198193e+02,1.492998577688747537e+04,1.635798445452710723e+02
2.778724094088509213e+06,1.344847958517659663e+02,3.992646061703452460e+02,1.493452329688102509e+04,1.636332125900083838e+02
2.778720840689789969e+06,1.341519333440002981e+02,3.982713885686450794e+02,1.493904954042459212e+04,1.636864478708314721e+02
2.778717595376139041e+06,1.338198621008515943e+02,3.972806753967287818e+02,1.494356453563387549e+04,1.637395507226398763e+02
2.778714358127469663e+06,1.334885811302162324e+02,3.962924593784199487e+02,1.494806831055149632e+04,1.637925214793592374e+02
2.778711128923674580e+06,1.331580894159193633e+02,3.953067332848180513e+02,1.495256089314732162e+04,1.638453604739432592e+02
2.778707907744789496e+06,1.328283859184962807e+02,3.943234899333807562e+02,1.495704231131868255e+04,1.638980680383814672e+02
2.778704694570842199e+06,1.324994695759541798e+02,3.933427221870322228e+02,1.496151259289090376e+04,1.639506445037058597e+02
2.778701489381931257e+06,1.321713393045152714e+02,3.923644229532858390e+02,1.496597176561707420e+04,1.640030901999971036e+02
2.778698292158179451e+06,1.318439939993355949e+02,3.913885851834075424e+02,1.497041985717866919e+04,1.640554054563915258e+02
2.778695102879814338e+06,1.315174325352069786e+02,3.904152018715816439e+02,1.497485689518578329e+04,1.641075906010822223e+02
2.778691921527041588e+06,1.311916537672386482e+02,3.894442660541141095e+02,1.497928290717727396e+04,1.641596459613320178e+02
2.778688748080178164e+06,1.308666565315183163e+02,3.884757708086437447e+02,1.498369792062107445e+04,1.642115718634727273e+02
2.778685582519550808e+06,1.305424396457565877e+02,3.875097092533903833e+02,1.498810196291441207e+04,1.642633686329139096e+02
2.778682424825573806e+06,1.302190019099150504e+02,3.865460745464046113e+02,1.499249506138406468e+04,1.643150365941473865e+02
2.778679274978657719e+06,1.298963421068110620e+02,3.855848598848469919e+02,1.499687724328657350e+04,1.643665760707541779e+02
2.778676132959294599e+06,1.295744590027138941e+02,3.846260585042892330e+02,1.500124853580863419e+04,1.644179873854050413e+02
2.778672998748045415e+06,1.292533513479150429e+02,3.836696636780182530e+02,1.500560896606721690e+04,1.644692708598720117e+02
2.778669872325478122e+06,1.289330178772934516e+02,3.827156687163831634e+02,1.500995856110963177e+04,1.645204268150295377e+02
2.778666753672238439e+06,1.286134573108534198e+02,3.817640669661330435e+02,1.501429734791409464e+04,1.645714555708578075e+02
2.778663642768995836e+06,1.282946683542574817e+02,3.808148518097894453e+02,1.501862535338983071e+04,1.646223574464536910e+02
2.778660539596502203e+06,1.279766496993380258e+02,3.798680166650305523e+02,1.502294260437712001e+04,1.646731327600279542e+02
2.778657444135509897e+06,1.276594000245964509e+02,3.789235549840811927e+02,1.502724912764785040e+04,1.647237818289164011e+02
2.778654356366872787e+06,1.273429179956919199e+02,3.779814602531445757e+02,1.503154494990546300e+04,1.647743049695816921e+02
2.778651276271458250e+06,1.270272022659073343e+02,3.770417259918148716e+02,1.503583009778526321e+04,1.648247024976147088e+02
2.778648203830187209e+06,1.267122514766149521e+02,3.761043457525286158e+02,1.504010459785482817e+04,1.648749747277474285e+02
2.778645139024036005e+06,1.263980642577170102e+02,3.751693131200283347e+02,1.504436847661392676e+04,1.649251219738479222e+02
2.778642081834016833e+06,1.260846392280831338e+02,3.742366217108285582e+02,1.504862176049499976e+04,1.649751445489300750e+02
2.778639032241199631e+06,1.257719749959675539e+02,3.733062651726997956e+02,1.505286447586291433e+04,1.650250427651583607e+02
2.778635990226704162e+06,1.254600701594235517e+02,3.723782371841761574e+02,1.505709664901603173e+04,1.650748169338484104e+02
2.778632955771692563e+06,1.251489233066973696e+02,3.714525314540655927e+02,1.506131830618537242e+04,1.651244673654730946e+02
2.778629928857352119e+06,1.248385330166160827e+02,3.705291417209688234e+02,1.506552947353582022e+04,1.651739943696665023e+02
2.778626909464969300e+06,1.245288978589662037e+02,3.696080617528222092e+02,1.506973017716549839e+04,1.652233982552296538e+02
2.778623897575828712e+06,1.242200163948558611e+02,3.686892853464397604e+02,1.507392044310652454e+04,1.652726793301299040e+02
2.778620893171264790e+06,1.239118871770708523e+02,3.677728063270795360e+02,1.507810029732506155e+04,1.653218379015091557e+02
2.778617896232704166e+06,1.236045087504214308e+02,3.668586185480157837e+02,1.508226976572131389e+04,1.653708742756863330e+02
2.778614906741563696e+06,1.232978796520764746e+02,3.659467158901143762e+02,1.508642887413016979e+04,1.654197887581603368e+02
2.778611924679358490e+06,1.229919984118896252e+02,3.650370922614303595e+02,1.509057764832077191e+04,1.654685816536112668e+02
2.778608950027586427e+06,1.226868635527153941e+02,3.641297415968085147e+02,1.509471611399741414e+04,1.655172532659130979e+02
2.778605982767856680e+06,1.223824735907191723e+02,3.632246578574961404e+02,1.509884429679919413e+04,1.655658038981256652e+02
2.778603022881782614e+06,1.220788270356747347e+02,3.623218350307716946e+02,1.510296222230063722e+04,1.656142338525067146e+02
2.778600070351030678e+06,1.217759223912552073e+02,3.614212671295637165e+02,1.510706991601140908e+04,1.656625434305107945e+02
2.778597125157347415e+06,1.214737581553154371e+02,3.605229481921105048e+02,1.511116740337703777e+04,1.657107329327946843e+02
2.778594187282461207e+06,1.211723328201679806e+02,3.596268722815900105e+02,1.511525470977860823e+04,1.657588026592206631e+02
2.778591256708202418e+06,1.208716448728487762e+02,3.587330334857950334e+02,1.511933186053336976e+04,1.658067529088583854e+02
2.778588333416406531e+06,1.205716927953738491e+02,3.578414259167959699e+02,1.512339888089449232e+04,1.658545839799892860e+02
2.778585417389009148e+06,1.202724750649960441e+02,3.569520437106103827e+02,1.512745579605177772e+04,1.659022961701119243e+02
2.778582508607917931e+06,1.199739901544472929e+02,3.560648810268942839e+02,1.513150263113136316e+04,1.659498897759396527e+02
2.778579607055126224e+06,1.196762365321741015e+02,3.551799320486311444e+02,1.513553941119629417e+04,1.659973650934100249e+02
2.778576712712677196e+06,1.193792126625720300e+02,3.542971909818336371e+02,1.513956616124638276e+04,1.660447224176832322e+02
2.778573825562663376e+06,1.190829170062084472e+02,3.534166520552390125e+02,1.514358290621844753e+04,1.660919620431472765e+02
2.778570945587205235e+06,1.187873480200403975e+02,3.525383095200417074e+02,1.514758967098689391e+04,1.661390842634222338e+02
2.778568072768456303e+06,1.184925041576256177e+02,3.516621576495981571e+02,1.515158648036322666e+04,1.661860893713581220e+02
2.778565207088639028e+06,1.181983838693291204e+02,3.507881907391576988e+02,1.515557335909688118e+04,1.662329776590446500e+02
2.778562348530000076e+06,1.179049856025244765e+02,3.499164031056048429e+02,1.515955033187485606e+04,1.662797494178095405e+02
2.778559497074860148e+06,1.176123078017832313e+02,3.490467890871910299e+02,1.516351742332224967e+04,1.663264049382235612e+02
2.778556652705544606e+06,1.173203489090689686e+02,3.481793430432823016e+02,1.516747465800232203e+04,1.663729445101018314e+02
2.778553815404438414e+06,1.170291073639150738e+02,3.473140593541196495e+02,1.517142206041663485e+04,1.664193684225074605e+02
2.778550985154012218e+06,1.167385816036062351e+02,3.464509324205670282e+02,1.517535965500532438e+04,1.664656769637546176e+02
2.778548161936705932e+06,1.164487700633497411e+02,3.455899566638882447e+02,1.517928746614708689e+04,1.665118704214106913e+02
2.778545345735054929e+06,1.161596711764425436e+02,3.447311265255037824e+02,1.518320551815960607e+04,1.665579490822991602e+02
2.778542536531620659e+06,1.158712833744344692e+02,3.438744364667782634e+02,1.518711383529953855e+04,1.666039132325032028e+02
2.778539734309020918e+06,1.155836050872866423e+02,3.430198809687980770e+02,1.519101244176261025e+04,1.666497631573649301e+02
2.778536939049892593e+06,1.152966347435241374e+02,3.421674545321515666e+02,1.519490136168412937e+04,1.666954991414943947e+02
2.778534150736940559e+06,1.150103707703863591e+02,3.413171516767328626e+02,1.519878061913875899e+04,1.667411214687646748e+02
2.778531369352905545e+06,1.147248115939702160e+02,3.404689669415226945e+02,1.520265023814095366e+04,1.667866304223224745e+02
2.778528594880542252e+06,1.144399556393707513e+02,3.396228948844016600e+02,1.520651024264504122e+04,1.668320262845808486e+02
2.778525827302696649e+06,1.141558013308177948e+02,3.387789300819522964e+02,1.521036065654521008e+04,1.668773093372320488e+02
2.778523066602236126e+06,1.138723470918088196e+02,3.379370671292679731e+02,1.521420150367605129e+04,1.669224798612428344e+02
2.778520312762067653e+06,1.135895913452368120e+02,3.370973006397657628e+02,1.521803280781236026e+04,1.669675381368603553e+02
2.778517565765122417e+06,1.133075325135150138e+02,3.362596252450125576e+02,1.522185459266959879e+04,1.670124844436124647e+02
2.778514825594416820e+06,1.130261690186976864e+02,3.354240355945360079e+02,1.522566688190372224e+04,1.670573190603111016e+02
2.778512092232982162e+06,1.127454992825980327e+02,3.345905263556687146e+02,1.522946969911169253e+04,1.671020422650578325e+02
2.778509365663900506e+06,1.124655217269014429e+02,3.337590922133624076e+02,1.523326306783137261e+04,1.671466543352381677e+02
2.778506645870267879e+06,1.121862347732777891e+02,3.329297278700288985e+02,1.523704701154174290e+04,1.671911555475331568e+02
2.778503932835272513e+06,1.119076368434860456e+02,3.321024280453838742e+02,1.524082155366332699e+04,1.672355461779162624e+02
2.778501226542106364e+06,1.116297263594803866e+02,3.312771874762829611e+02,1.524458671755783871e+04,1.672798265016554922e+02
2.778498526974022854e+06,1.113525017435108140e+02,3.304540009165717152e+02,1.524834252652884243e+04,1.673239967933187984e+02
2.778495834114303812e+06,1.110759614182206576e+02,3.296328631369250957e+02,1.525208900382148204e+04,1.673680573267747320e+02
2.778493147946269717e+06,1.108001038067424133e+02,3.288137689247186017e+02,1.525582617262303029e+04,1.674120083751929542e+02
2.778490468453302979e+06,1.105249273327889341e+02,3.279967130838624030e+02,1.525955405606292516e+04,1.674558502110493237e+02
2.778487795618820004e+06,1.102504304207438111e+02,3.271816904346770798e+02,1.526327267721259886e+04,1.674995831061273179e+02
2.778485129426272120e+06,1.099766114957466527e+02,3.263686958137486158e+02,1.526698205908597447e+04,1.675432073315189712e+02
2.778482469859147910e+06,1.097034689837794019e+02,3.255577240737951001e+02,1.527068222463970051e+04,1.675867231576271195e+02
2.778479816900982056e+06,1.094310013117458311e+02,3.247487700835296209e+02,1.527437319677304731e+04,1.676301308541701758e+02
2.778477170535342302e+06,1.091592069075506117e+02,3.239418287275391322e+02,1.527805499832796886e+04,1.676734306901815899e+02
2.778474530745870899e+06,1.088880842001786533e+02,3.231368949061550779e+02,1.528172765208974852e+04,1.677166229340119514e+02
2.778471897516204510e+06,1.086176316197661293e+02,3.223339635353272570e+02,1.528539118078660249e+04,1.677597078533322019e+02
2.778469270830053370e+06,1.083478475976728248e+02,3.215330295465063273e+02,1.528904560709012003e+04,1.678026857151373292e+02
2.778466650671142619e+06,1.080787305665540146e+02,3.207340878865206832e+02,1.529269095361542350e+04,1.678455567857433266e+02
2.778464037023275625e+06,1.078102789604274676e+02,3.199371335174673163e+02,1.529632724292121020e+04,1.678883213307949234e+02
2.778461429870251101e+06,1.075424912147363443e+02,3.191421614165940923e+02,1.529995449750988519e+04,1.679309796152637659e+02
2.778458829195928760e+06,1.072753657664167832e+02,3.183491665761860077e+02,1.530357273982786501e+04,1.679735319034524821e+02
2.778456234984216280e+06,1.070089010539559524e+02,3.175581440034599723e+02,1.530718199226549768e+04,1.680159784589962726e+02
2.778453647219068371e+06,1.067430955174529998e+02,3.167690887204585692e+02,1.531078227715742469e+04,1.680583195448635649e+02
2.778451065884443466e+06,1.064779475986775026e+02,3.159819957639441554e+02,1.531437361678251727e+04,1.681005554233599923e+02
2.778448490964353550e+06,1.062134557411233544e+02,3.151968601852963161e+02,1.531795603336439126e+04,1.681426863561279959e+02
2.778445922442880925e+06,1.059496183900641881e+02,3.144136770504087508e+02,1.532152954907097410e+04,1.681847126041531055e+02
2.778443360304124188e+06,1.056864339926064957e+02,3.136324414395999725e+02,1.532509418601526704e+04,1.682266344277596204e+02
2.778440804532212671e+06,1.054239009977389117e+02,3.128531484475056459e+02,1.532864996625494314e+04,1.682684520866174012e+02
2.778438255111329257e+06,1.051620178563804018e+02,3.120757931829922995e+02,1.533219691179296387e+04,1.683101658397441440e+02
2.778435712025684305e+06,1.049007830214299872e+02,3.113003707690621695e+02,1.533573504457733179e+04,1.683517759455018563e+02
2.778433175259550568e+06,1.046401949478122191e+02,3.105268763427620797e+02,1.533926438650137607e+04,1.683932826616050136e+02
2.778430644797204528e+06,1.043802520925194841e+02,3.097553050550890248e+02,1.534278495940418179e+04,1.684346862451175468e+02
2.778428120622979477e+06,1.041209529146573942e+02,3.089856520709153074e+02,1.534629678507017707e+04,1.684759869524576743e+02
2.778425602721288800e+06,1.038622958754853016e+02,3.082179125688941213e+02,1.534979988522964049e+04,1.685171850394007436e+02
2.778423091076497920e+06,1.036042794384565013e+02,3.074520817413749114e+02,1.535329428155883397e+04,1.685582807610761620e+02
2.778420585673085880e+06,1.033469020692574958e+02,3.066881547943240776e+02,1.535677999567997722e+04,1.685992743719753832e+02
2.778418086495527532e+06,1.030901622358441756e+02,3.059261269472417553e+02,1.536025704916162431e+04,1.686401661259484115e+02
2.778415593528363854e+06,1.028340584084796916e+02,3.051659934330880333e+02,1.536372546351845813e+04,1.686809562762072119e+02
2.778413106756152119e+06,1.025785890597690724e+02,3.044077494981960967e+02,1.536718526021179605e+04,1.687216450753319918e+02
2.778410626163508277e+06,1.023237526646916820e+02,3.036513904022017982e+02,1.537063646064941895e+04,1.687622327752648062e+02
2.778408151735075284e+06,1.020695477006368890e+02,3.028969114179681128e+02,1.537407908618598594e+04,1.688027196273182824e+02
2.778405683455511928e+06,1.018159726474315363e+02,3.021443078315070920e+02,1.537751315812296707e+04,1.688431058821743420e+02
2.778403221309571993e+06,1.015630259873746581e+02,3.013935749419131298e+02,1.538093869770880701e+04,1.688833917898849677e+02
2.778400765281991567e+06,1.013107062052623775e+02,3.006447080612862806e+02,1.538435572613906879e+04,1.689235775998772340e+02
2.778398315357588232e+06,1.010590117884217420e+02,2.998977025146695041e+02,1.538776426455673209e+04,1.689636635609531368e+02
2.778395871521166526e+06,1.008079412267322965e+02,2.991525536399686303e+02,1.539116433405213502e+04,1.690036499212877175e+02
2.778393433757605962e+06,1.005574930126561242e+02,2.984092567878967657e+02,1.539455595566313423e+04,1.690435369284395222e+02
2.778391002051830757e+06,1.003076656412614369e+02,2.976678073219003977e+02,1.539793915037522129e+04,1.690833248293447468e+02
2.778388576388781890e+06,1.000584576102495760e+02,2.969282006180956728e+02,1.540131393912183921e+04,1.691230138703208183e+02
2.778386156753425021e+06,9.980986741997614331e+01,2.961904320652053002e+02,1.540468034278426421e+04,1.691626042970700610e+02
2.778383743130805437e+06,9.956189357347327018e+01,2.954544970644952286e+02,1.540803838219183854e+04,1.692020963546784174e+02
2.778381335505984724e+06,9.931453457647324967e+01,2.947203910297089919e+02,1.541138807812232335e+04,1.692414902876206213e+02
2.778378933864036109e+06,9.906778893743036463e+01,2.939881093870125710e+02,1.541472945130159133e+04,1.692807863397584924e+02
2.778376538190098014e+06,9.882165516753845225e+01,2.932576475749312976e+02,1.541806252240408503e+04,1.693199847543423573e+02
2.778374148469350301e+06,9.857613178075131088e+01,2.925290010442872699e+02,1.542138731205287877e+04,1.693590857740196611e+02
2.778371764686979353e+06,9.833121729380276577e+01,2.918021652581485341e+02,1.542470384081967313e+04,1.693980896408250487e+02
2.778369386828259099e+06,9.808691022622335254e+01,2.910771356917649086e+02,1.542801212922519335e+04,1.694369965961933815e+02
2.778367014878436923e+06,9.784320910035869190e+01,2.903539078325147216e+02,1.543131219773905286e+04,1.694758068809522058e+02
2.778364648822864052e+06,9.760011244138472364e+01,2.896324771798474558e+02,1.543460406677999890e+04,1.695145207353293699e+02
2.778362288646862842e+06,9.735761877732421965e+01,2.889128392452349203e+02,1.543788775671607800e+04,1.695531383989532515e+02
2.778359934335839469e+06,9.711572663906230218e+01,2.881949895521071312e+02,1.544116328786473059e+04,1.695916601108530983e+02
2.778357585875185207e+06,9.687443456036102418e+01,2.874789236358071207e+02,1.544443068049274370e+04,1.696300861094603931e+02
2.778355243250419386e+06,9.663374107787484490e+01,2.867646370435381300e+02,1.544768995481683851e+04,1.696684166326111551e+02
2.778352906447011046e+06,9.639364473116060594e+01,2.860521253343049466e+02,1.545094113100325194e+04,1.697066519175505732e+02
2.778350575450494885e+06,9.615414406269438530e+01,2.853413840788757625e+02,1.545418422916811323e+04,1.697447922009286003e+02
2.778348250246424694e+06,9.591523761788194236e+01,2.846324088597173159e+02,1.545741926937774406e+04,1.697828377188062063e+02
2.778345930820431560e+06,9.567692394507025710e+01,2.839251952709570901e+02,1.546064627164842750e+04,1.698207887066538433e+02
2.778343617158140056e+06,9.543920159555914040e+01,2.832197389183288578e+02,1.546386525594691011e+04,1.698586453993562486e+02
2.778341309245235752e+06,9.520206912361399532e+01,2.825160354191272631e+02,1.546707624219017271e+04,1.698964080312121609e+02
2.778339007067430299e+06,9.496552508647414470e+01,2.818140804021577424e+02,1.547027925024572323e+04,1.699340768359346043e+02
2.778336710610464215e+06,9.472956804436289246e+01,2.811138695076917884e+02,1.547347429993172409e+04,1.699716520466549525e+02
2.778334419860142749e+06,9.449419656049936123e+01,2.804153983874230676e+02,1.547666141101721587e+04,1.700091338959226448e+02
2.778332134802258108e+06,9.425940920110345189e+01,2.797186627044173974e+02,1.547984060322209552e+04,1.700465226157079996e+02
2.778329855422686785e+06,9.402520453540927292e+01,2.790236581330696595e+02,1.548301189621711274e+04,1.700838184374019590e+02
2.778327581707293168e+06,9.379158113567066835e+01,2.783303803590586085e+02,1.548617530962434103e+04,1.701210215918193285e+02
2.778325313642012421e+06,9.355853757717038377e+01,2.776388250793082193e+02,1.548933086301694675e+04,1.701581323092010791e+02
2.778323051212819759e+06,9.332607243822724286e+01,2.769489880019385737e+02,1.549247857591968386e+04,1.701951508192103972e+02
2.778320794405704364e+06,9.309418430020321011e+01,2.762608648462248198e+02,1.549561846780866654e+04,1.702320773509444507e+02
2.778318543206657283e+06,9.286287174751234375e+01,2.755744513425565287e+02,1.549875055811170932e+04,1.702689121329242710e+02
2.778316297601792961e+06,9.263213336762653682e+01,2.748897432323947214e+02,1.550187486620831442e+04,1.703056553931028816e+02
2.778314057577187661e+06,9.240196775108114480e+01,2.742067362682342946e+02,1.550499141142985536e+04,1.703423073588672025e+02
2.778311823118972592e+06,9.217237349148284409e+01,2.735254262135575232e+02,1.550810021305975533e+04,1.703788682570369701e+02
2.778309594213330653e+06,9.194334918551726332e+01,2.728458088427995563e+02,1.551120129033341618e+04,1.704153383138657034e+02
2.778307370846430771e+06,9.171489343294960861e+01,2.721678799413045908e+02,1.551429466243871502e+04,1.704517177550442568e+02
2.778305153004530352e+06,9.148700483663881755e+01,2.714916353052930731e+02,1.551738034851558223e+04,1.704880068057028950e+02
2.778302940673913341e+06,9.125968200253542761e+01,2.708170707418158258e+02,1.552045836765668355e+04,1.705242056904105254e+02
2.778300733840841334e+06,9.103292353969352746e+01,2.701441820687211361e+02,1.552352873890704723e+04,1.705603146331758921e+02
2.778298532491703518e+06,9.080672806027286015e+01,2.694729651146146239e+02,1.552659148126466425e+04,1.705963338574509578e+02
2.778296336612831336e+06,9.058109417954564435e+01,2.688034157188226914e+02,1.552964661368001362e+04,1.706322635861339165e+02
2.778294146190653555e+06,9.035602051590365136e+01,2.681355297313585879e+02,1.553269415505680445e+04,1.706681040415631969e+02
2.778291961211595684e+06,9.013150569086145936e+01,2.674693030128826763e+02,1.553573412425177958e+04,1.707038554455270969e+02
2.778289781662150286e+06,8.990754832906581839e+01,2.668047314346654275e+02,1.553876654007468642e+04,1.707395180192623059e+02
2.778287607528792694e+06,8.968414705829897571e+01,2.661418108785579193e+02,1.554179142128868989e+04,1.707750919834539047e+02
2.778285438798081130e+06,8.946130050948610801e+01,2.654805372369546035e+02,1.554480878661041606e+04,1.708105775582372701e+02
2.778283275456589181e+06,8.923900731670288167e+01,2.648209064127520378e+02,1.554781865470990124e+04,1.708459749632016837e+02
2.778281117490939330e+06,8.901726611718186177e+01,2.641629143193268874e+02,1.555082104421090298e+04,1.708812844173906740e+02
2.778278964887734037e+06,8.879607555132039920e+01,2.635065568804943723e+02,1.555381597369092924e+04,1.709165061392994858e+02
2.778276817633668426e+06,8.857543426268658493e+01,2.628518300304784248e+02,1.555680346168144933e+04,1.709516403468836927e+02
2.778274675715462305e+06,8.835534089803164193e+01,2.621987297138743997e+02,1.555978352666771571e+04,1.709866872575547063e+02
2.778272539119828027e+06,8.813579410729613528e+01,2.615472518856270767e+02,1.556275618708928414e+04,1.710216470881831583e+02
2.778270407833543606e+06,8.791679254362033191e+01,2.608973925109842753e+02,1.556572146133983370e+04,1.710565200551016289e+02
2.778268281843441539e+06,8.769833486335571138e+01,2.602491475654840087e+02,1.556867936776753777e+04,1.710913063741025724e+02
2.778266161136315204e+06,8.748041972607782668e+01,2.596025130349040637e+02,1.557162992467483309e+04,1.711260062604454504e+02
2.778264045699043199e+06,8.726304579459655031e+01,2.589574849152494380e+02,1.557457315031869985e+04,1.711606199288496839e+02
2.778261935518545564e+06,8.704621173497170616e+01,2.583140592127105037e+02,1.557750906291112551e+04,1.711951475935046858e+02
2.778259830581747927e+06,8.682991621652909942e+01,2.576722319436415773e+02,1.558043768061859555e+04,1.712295894680667914e+02
2.778257730875621550e+06,8.661415791187647528e+01,2.570319991345288599e+02,1.558335902156257544e+04,1.712639457656588888e+02
2.778255636387157720e+06,8.639893549692287422e+01,2.563933568219618451e+02,1.558627310381949428e+04,1.712982166988774111e+02
2.778253547103391960e+06,8.618424765089967821e+01,2.557563010526089329e+02,1.558917994542121778e+04,1.713324024797863672e+02
2.778251463011382613e+06,8.597009305638205490e+01,2.551208278831900031e+02,1.559207956435454253e+04,1.713665033199268919e+02
2.778249384098235052e+06,8.575647039931553195e+01,2.544869333804499831e+02,1.559497197856169623e+04,1.714005194303110784e+02
2.778247310351049062e+06,8.554337836904365133e+01,2.538546136211321311e+02,1.559785720594057057e+04,1.714344510214284583e+02
2.778245241757007316e+06,8.533081565833870741e+01,2.532238646919599887e+02,1.560073526434442647e+04,1.714682983032450920e+02
2.778243178303282242e+06,8.511878096343535560e+01,2.525946826896039283e+02,1.560360617158241257e+04,1.715020614852037113e+02
2.778241119977095164e+06,8.490727298406923751e+01,2.519670637206701826e+02,1.560646994541929053e+04,1.715357407762286357e+02
2.778239066765718162e+06,8.469629042351704129e+01,2.513410039016671078e+02,1.560932660357604982e+04,1.715693363847249486e+02
2.778237018656407017e+06,8.448583198864483279e+01,2.507164993589963444e+02,1.561217616372948760e+04,1.716028485185790942e+02
2.778234975636481307e+06,8.427589638995735299e+01,2.500935462289252200e+02,1.561501864351272161e+04,1.716362773851596444e+02
2.778232937693297397e+06,8.406648234165534461e+01,2.494721406575696108e+02,1.561785406051492828e+04,1.716696231913236375e+02
2.778230904814213049e+06,8.385758856169712772e+01,2.488522788008822033e+02,1.562068243228199935e+04,1.717028861434114333e+02
2.778228876986631658e+06,8.364921377186850293e+01,2.482339568246319459e+02,1.562350377631600531e+04,1.717360664472519147e+02
2.778226854198014829e+06,8.344135669785950427e+01,2.476171709043891269e+02,1.562631811007598662e+04,1.717691643081617485e+02
2.778224836435802281e+06,8.323401606934650943e+01,2.470019172255193780e+02,1.562912545097736802e+04,1.718021799309487392e+02
2.778222823687484488e+06,8.302719062008827677e+01,2.463881919831659104e+02,1.563192581639252967e+04,1.718351135199119426e+02
2.778220815940600820e+06,8.282087908802763820e+01,2.457759913822442002e+02,1.563471922365111823e+04,1.718679652788434282e+02
2.778218813182694372e+06,8.261508021540515756e+01,2.451653116374364743e+02,1.563750569003941018e+04,1.719007354110277390e+02
2.778216815401358064e+06,8.240979274888631778e+01,2.445561489731858558e+02,1.564028523280118134e+04,1.719334241192461548e+02
2.778214822584195063e+06,8.220501543969994884e+01,2.439484996236953975e+02,1.564305786913740849e+04,1.719660316057752993e+02
2.778212834718841128e+06,8.200074704379250079e+01,2.433423598329311801e+02,1.564582361620665506e+04,1.719985580723925409e+02
2.778210851792970207e+06,8.179698632199711028e+01,2.427377258546196970e+02,1.564858249112480189e+04,1.720310037203693980e+02
2.778208873794296756e+06,8.159373204022251969e+01,2.421345939522680624e+02,1.565133451096561657e+04,1.720633687504841873e+02
2.778206900710506830e+06,8.139098296965772761e+01,2.415329603991604586e+02,1.565407969276062431e+04,1.720956533630108538e+02
2.778204932529377285e+06,8.118873788700437899e+01,2.409328214783865576e+02,1.565681805349920796e+04,1.721278577577305953e+02
2.778202969238670077e+06,8.098699557472677668e+01,2.403341734828544816e+02,1.565954961012883359e+04,1.721599821339283380e+02
2.778201010826212820e+06,8.078575482133082630e+01,2.397370127153124884e+02,1.566227437955528512e+04,1.721920266903919980e+02
2.778199057279821485e+06,8.058501442167349182e+01,2.391413354883897568e+02,1.566499237864240786e+04,1.722239916254207515e+02
2.778197108587341383e+06,8.038477317730044547e+01,2.385471381246211422e+02,1.566770362421269419e+04,1.722558771368191231e+02
2.778195164736677427e+06,8.018502989682342275e+01,2.379544169564960896e+02,1.567040813304712538e+04,1.722876834219019599e+02
2.778193225715711247e+06,7.998578339633206724e+01,2.373631683265071217e+02,1.567310592188545525e+04,1.723194106774968759e+02
2.778191291512380820e+06,7.978703249985079538e+01,2.367733885872030726e+02,1.567579700742617570e+04,1.723510590999399028e+02
2.778189362114640418e+06,7.958877603984326754e+01,2.361850741012625008e+02,1.567848140632697869e+04,1.723826288850852677e+02
2.778187437510465272e+06,7.939101285776870043e+01,2.355982212415616175e+02,1.568115913520448339e+04,1.724141202282985148e+02
2.778185517687852960e+06,7.919374180469374380e+01,2.350128263912654916e+02,1.568383021063486376e+04,1.724455333244643498e+02
2.778183602634790819e+06,7.899696174196991194e+01,2.344288859439194823e+02,1.568649464915351746e+04,1.724768683679825756e+02
2.778181692339343484e+06,7.880067154197969614e+01,2.338463963035673601e+02,1.568915246725548968e+04,1.725081255527757378e+02
2.778179786789552774e+06,7.860487008895960059e+01,2.332653538848663857e+02,1.569180368139578786e+04,1.725393050722830424e+02
2.778177885973490309e+06,7.840955627990852861e+01,2.326857551132359845e+02,1.569444830798927251e+04,1.725704071194676317e+02
2.778175989879252389e+06,7.821472902558990370e+01,2.321075964250015033e+02,1.569708636341094643e+04,1.726014318868157602e+02
2.778174098494915292e+06,7.802038725163383504e+01,2.315308742675805433e+02,1.569971786399621487e+04,1.726323795663393241e+02
2.778172211808615364e+06,7.782652989975754565e+01,2.309555850996724189e+02,1.570234282604093642e+04,1.726632503495751507e+02
2.778170329808455892e+06,7.763315592910845453e+01,2.303817253914756691e+02,1.570496126580177588e+04,1.726940444275876132e+02
2.778168452482570894e+06,7.744026431774499031e+01,2.298092916249309781e+02,1.570757319949638804e+04,1.727247619909731498e+02
2.778166579819098581e+06,7.724785406427088219e+01,2.292382802939951318e+02,1.571017864330358316e+04,1.727554032298569950e+02
2.778164711806208361e+06,7.705592418963648527e+01,2.286686879049319714e+02,1.571277761336361255e+04,1.727859683338959087e+02
2.778162848432014696e+06,7.686447373912523062e+01,2.281005109766560963e+02,1.571537012577858150e+04,1.728164574922834902e+02
2.778160989684673026e+06,7.667350178454576337e+01,2.275337460410958670e+02,1.571795619661242563e+04,1.728468708937472513e+02
2.778159135552313179e+06,7.648300742664461893e+01,2.269683896436076509e+02,1.572053584189130743e+04,1.728772087265520838e+02
2.778157286023077089e+06,7.629298979777236411e+01,2.264044383434282963e+02,1.572310907760427108e+04,1.729074711785051193e+02
2.778155441085080151e+06,7.610344806481793967e+01,2.258418887141797029e+02,1.572567591970300055e+04,1.729376584369508407e+02
2.778153600726435892e+06,7.591438143244914727e+01,2.252807373444272230e+02,1.572823638410270178e+04,1.729677706887792965e+02
2.778151764935208019e+06,7.572578914667890615e+01,2.247209808382995959e+02,1.573079048668198811e+04,1.729978081204255318e+02
2.778149933699490037e+06,7.553767049880498519e+01,2.241626158161673743e+02,1.573333824328392438e+04,1.730277709178705834e+02
2.778148107007274404e+06,7.535002482974681470e+01,2.236056389154024089e+02,1.573587966971588867e+04,1.730576592666461977e+02
2.778146284846574999e+06,7.516285153483221393e+01,2.230500467912146121e+02,1.573841478175034354e+04,1.730874733518343760e+02
2.778144467205341440e+06,7.497615006906917756e+01,2.224958361175694392e+02,1.574094359512536721e+04,1.731172133580732009e+02
2.778142654071441852e+06,7.478991995296433970e+01,2.219430035882183745e+02,1.574346612554506828e+04,1.731468794695559836e+02
2.778140845432754140e+06,7.460416077893219722e+01,2.213915459178150513e+02,1.574598238868043882e+04,1.731764718700343053e+02
2.778139041277022101e+06,7.441887221836326205e+01,2.208414598431706963e+02,1.574849240016969634e+04,1.732059907428229621e+02
2.778137241591961123e+06,7.423405402941635600e+01,2.202927421246209008e+02,1.575099617561940613e+04,1.732354362708022393e+02
2.778135446365155280e+06,7.404970606560900137e+01,2.197453895475497347e+02,1.575349373060501603e+04,1.732648086364188487e+02
2.778133655584097374e+06,7.386582828528598554e+01,2.191993989240662302e+02,1.575598508067166767e+04,1.732941080216922103e+02
2.778131869236208964e+06,7.368242076205915225e+01,2.186547670948483528e+02,1.575847024133524610e+04,1.733233346082152764e+02
2.778130087308717426e+06,7.349948369631492540e+01,2.181114909311901044e+02,1.576094922808365664e+04,1.733524885771612958e+02
2.778128309788750950e+06,7.331701742790077958e+01,2.175695673372547390e+02,1.576342205637734878e+04,1.733815701092847803e+02
2.778126536663259845e+06,7.313502245010869274e+01,2.170289932525559493e+02,1.576588874165110974e+04,1.734105793849300312e+02
2.778124767919019796e+06,7.295349942508877916e+01,2.164897656547069005e+02,1.576834929931523038e+04,1.734395165840304571e+02
2.778123003542591352e+06,7.277244920084295643e+01,2.159518815624424519e+02,1.577080374475670760e+04,1.734683818861178679e+02
2.778121243520320393e+06,7.259187282995380031e+01,2.154153380389566905e+02,1.577325209334140891e+04,1.734971754703265674e+02
2.778119487838279456e+06,7.241177159022744547e+01,2.148801321955834283e+02,1.577569436041516201e+04,1.735258975153983556e+02
2.778117736482294742e+06,7.223214700745258199e+01,2.143462611958627519e+02,1.577813056130628320e+04,1.735545481996914532e+02
2.778115989437832497e+06,7.205300088047816587e+01,2.138137222600117013e+02,1.578056071132754005e+04,1.735831277011828604e+02
2.778114246690038126e+06,7.187433530885928690e+01,2.132825126698650422e+02,1.578298482577818868e+04,1.736116361974853817e+02
2.778112508223688230e+06,7.169615272332400480e+01,2.127526297743239923e+02,1.578540291994696781e+04,1.736400738658407761e+02
2.778110774023090024e+06,7.151845591935271784e+01,2.122240709953564135e+02,1.578781500911453622e+04,1.736684408831446547e+02
2.778109044072088785e+06,7.134124809418511859e+01,2.116968338346229928e+02,1.579022110855700885e+04,1.736967374259431267e+02
2.778107318354005460e+06,7.116453288760114049e+01,2.111709158807717870e+02,1.579262123354884716e+04,1.737249636704554234e+02
2.778105596851603128e+06,7.098831442686631021e+01,2.106463148174901221e+02,1.579501539936697372e+04,1.737531197925726474e+02
2.778103879546926357e+06,7.081259737625374839e+01,2.101230284323773105e+02,1.579740362129489222e+04,1.737812059678812204e+02
2.778102166421387810e+06,7.063738699161550016e+01,2.096010546267263805e+02,1.579978591462675104e+04,1.738092223716721207e+02
2.778100457455534488e+06,7.046268918050984098e+01,2.090803914263051126e+02,1.580216229467303674e+04,1.738371691789555484e+02
2.778098752629109193e+06,7.028851056845044809e+01,2.085610369932440733e+02,1.580453277676538710e+04,1.738650465644790302e+02
2.778097051920828409e+06,7.011485857188866078e+01,2.080429896391359250e+02,1.580689737626301394e+04,1.738928547027445575e+02
2.778095355308362748e+06,6.994174147861782842e+01,2.075262478394775201e+02,1.580925610855939340e+04,1.739205937680306704e+02
2.778093662768189795e+06,6.976916853633608184e+01,2.070108102495852052e+02,1.581160898908893978e+04,1.739482639344085442e+02
2.778091974275516812e+06,6.959715005020045453e+01,2.064966757221311866e+02,1.581395603333598774e+04,1.739758653757760953e+02
2.778090289804074913e+06,6.942569749025983583e+01,2.059838433264742434e+02,1.581629725684289951e+04,1.740033982658717662e+02
2.778088609326030128e+06,6.925482360976768348e+01,2.054723123699582459e+02,1.581863267522003844e+04,1.740308627783150541e+02
2.778086932811759878e+06,6.908454257545403721e+01,2.049620824213832009e+02,1.582096230415657010e+04,1.740582590866315229e+02
2.778085260229752865e+06,6.891487011094791626e+01,2.044531533368603959e+02,1.582328615943209115e+04,1.740855873642883864e+02
2.778083591546348296e+06,6.874582365465920475e+01,2.039455252882991090e+02,1.582560425692982244e+04,1.741128477847324234e+02
2.778081926725491881e+06,6.857742253354565776e+01,2.034391987947936400e+02,1.582791661265076618e+04,1.741400405214375837e+02
2.778080265728607774e+06,6.840968815433195971e+01,2.029341747571875771e+02,1.583022324272948208e+04,1.741671657479432724e+02
2.778078608514199965e+06,6.824264421389564461e+01,2.024304544961506167e+02,1.583252416345127858e+04,1.741942236379113069e+02
2.778076955037646927e+06,6.807631693068718448e+01,2.019280397941057004e+02,1.583481939127175247e+04,1.742212143651772749e+02
2.778075305250811856e+06,6.791073529923056640e+01,2.014269329414077276e+02,1.583710894283730340e+04,1.742481381038160180e+02
2.778073659101798665e+06,6.774593136993415499e+01,2.009271367871684788e+02,1.583939283500848978e+04,1.742749950282090197e+02
2.778072016534449067e+06,6.758194055663804534e+01,2.004286547952326885e+02,1.584167108488536178e+04,1.743017853131137258e+02
2.778070377487951890e+06,6.741880197453862422e+01,1.999314911057705899e+02,1.584394370983574299e+04,1.743285091337531867e+02
2.778068741896387190e+06,6.725655881136273706e+01,1.994356506030614753e+02,1.584621072752556574e+04,1.743551666659003843e+02
2.778067109688239172e+06,6.709525873490112247e+01,1.989411389900898541e+02,1.584847215595342095e+04,1.743817580859806355e+02
2.778065480785734486e+06,6.693495434026797852e+01,1.984479628705882419e+02,1.585072801348736357e+04,1.744082835711793109e+02
2.778063855104323942e+06,6.677570364052424168e+01,1.979561298392773381e+02,1.585297831890600173e+04,1.744347432995624274e+02
2.778062232551925816e+06,6.661757060457564705e+01,1.974656485810862705e+02,1.585522309144399514e+04,1.744611374502076444e+02
2.778060613028220832e+06,6.646062574656069444e+01,1.969765289802051598e+02,1.585746235084118962e+04,1.744874662033515449e+02
2.778058996423845179e+06,6.630494677122045744e+01,1.964887822399376773e+02,1.585969611739743232e+04,1.745137297405495929e+02
2.778057382619420998e+06,6.615061928005394520e+01,1.960024210143360506e+02,1.586192441203268208e+04,1.745399282448475446e+02
2.778055771484643687e+06,6.599773754335755882e+01,1.955174595527630004e+02,1.586414725635224022e+04,1.745660619009825609e+02
2.778054162877173629e+06,6.584640534352396912e+01,1.950339138585438832e+02,1.586636467271967740e+04,1.745921308955898894e+02
2.778052556641487870e+06,6.569673689525058080e+01,1.945518018630338872e+02,1.586857668433581603e+04,1.746181354174377987e+02
2.778050952607553918e+06,6.554885784853890129e+01,1.940711436164804411e+02,1.587078331532597986e+04,1.746440756576864146e+02
2.778049350589485839e+06,6.540290638056053751e+01,1.935919614971836893e+02,1.587298459083547459e+04,1.746699518101680439e+02
2.778047750383970793e+06,6.525903438259231848e+01,1.931142804405601794e+02,1.587518053713405061e+04,1.746957640717014897e+02
2.778046151768680196e+06,6.511740874827398784e+01,1.926381281898449060e+02,1.587737118173089220e+04,1.747215126424266600e+02
2.778044554500434548e+06,6.497821276937331447e+01,1.921635355702345294e+02,1.587955655349997687e+04,1.747471977261853056e+02
2.778042958313219249e+06,6.484164764504383527e+01,1.916905367884226905e+02,1.588173668281762002e+04,1.747728195309275918e+02
2.778041362916152924e+06,6.470793411017689323e+01,1.912191697595546032e+02,1.588391160171212869e+04,1.747983782691666761e+02
2.778039767991178203e+06,6.457731418784841537e+01,1.907494764637327194e+02,1.588608134402826181e+04,1.748238741584673619e+02
2.778038173190566711e+06,6.445005306997340710e+01,1.902815033342911875e+02,1.588824594560584410e+04,1.748493074219960306e+02
2.778036578134430107e+06,6.432644112907823342e+01,1.898153016800862360e+02,1.589040544447480715e+04,1.748746782891073224e+02
2.778034982407727744e+06,6.420679606246974913e+01,1.893509281441395729e+02,1.589255988106732002e+04,1.748999869959982050e+02
2.778033385557396337e+06,6.409146516798671200e+01,1.888884452009321251e+02,1.589470929844839338e+04,1.749252337864172659e+02
2.778031787089067046e+06,6.398082774783856053e+01,1.884279216946208351e+02,1.589685374256649811e+04,1.749504189124442632e+02
2.778030186463784426e+06,6.387529763368819857e+01,1.879694334203702795e+02,1.589899326252450373e+04,1.749755426353368648e+02
2.778028583094334230e+06,6.377532582203183154e+01,1.875130637508273139e+02,1.590112791087317964e+04,1.750006052264598395e+02
2.778026976341602858e+06,6.368140320391092501e+01,1.870589043095177146e+02,1.590325774392785206e+04,1.750256069682929194e+02
2.778025365510670003e+06,6.359406336701248108e+01,1.866070556926312349e+02,1.590538282210959369e+04,1.750505481555337894e+02
2.778023749846912455e+06,6.351388544112028711e+01,1.861576282401884157e+02,1.590750321031107160e+04,1.750754290962933908e+02
2.778022128531783354e+06,6.344149694960294994e+01,1.857107428570014918e+02,1.590961897828889960e+04,1.751002501133911551e+02
2.778020500678869430e+06,6.337757662009806126e+01,1.852665318830944443e+02,1.591173020108246601e+04,1.751250115457726793e+02
2.778018865329686552e+06,6.332285709673066521e+01,1.848251400123084522e+02,1.591383695945881846e+04,1.751497137500243753e+02
2.778017221449770033e+06,6.327812748414501698e+01,1.843867252566751347e+02,1.591593934038501538e+04,1.751743571020250840e+02
2.778015567924879957e+06,6.324423564040839807e+01,1.839514599527781229e+02,1.591803743752514674e+04,1.751989419987271219e+02
2.778013903557450511e+06,6.322209012169487607e+01,1.835195318046878583e+02,1.592013135176231845e+04,1.752234688600531172e+02
2.778012227063500322e+06,6.321266166690271149e+01,1.830911449561727693e+02,1.592222119174323961e+04,1.752479381309609323e+02
2.778010537070098799e+06,6.321698409553448528e+01,1.826665210827024168e+02,1.592430707444184191e+04,1.752723502836213640e+02
2.778008832113472745e+06,6.323615447791377164e+01,1.822459004913534386e+02,1.592638912573952439e+04,1.752967058197660322e+02
2.778007110638074111e+06,6.327133242410920388e+01,1.818295432139549632e+02,1.592846748101631965e+04,1.753210052731645874e+02
2.778005370996634476e+06,6.332373832786193901e+01,1.814177300759423019e+02,1.593054228574650188e+04,1.753452492122600574e+02
2.778003611451549456e+06,6.339465039577474670e+01,1.810107637202233093e+02,1.593261369609362555e+04,1.753694382429378607e+02
2.778001830177637283e+06,6.348540029160971443e+01,1.806089695621865019e+02,1.593468187949370986e+04,1.753935730114332898e+02
2.778000025266691111e+06,6.359736723243807432e+01,1.802126966487844584e+02,1.593674701521897623e+04,1.754176542073740563e+02
2.777998194733737502e+06,6.373197038945289705e+01,1.798223183916184951e+02,1.593880929490937706e+04,1.754416825669276534e+02
2.777996336525451392e+06,6.389065947315221194e+01,1.794382331412740825e+02,1.594086892306105074e+04,1.754656588760465183e+02
2.777994448530586902e+06,6.407490342178283527e+01,1.790608645680643178e+02,1.594292611745577960e+04,1.754895839737986876e+02
2.777992528592742048e+06,6.428617716436087903e+01,1.786906618130296920e+02,1.594498110952013485e+04,1.755134587557410839e+02
2.777990574525346979e+06,6.452594649541929073e+01,1.783280993728047576e+02,1.594703414459653322e+04,1.755372841773159109e+02
2.777988584128768183e+06,6.479565117702792065e+01,1.779736766830438626e+02,1.594908548211288144e+04,1.755610612572330069e+02
2.777986555209445301e+06,6.509668647249607432e+01,1.776279173677261554e+02,1.595113539563599625e+04,1.755847910807898984e+02
2.777984485600866843e+06,6.543038341190727181e+01,1.772913681260630199e+02,1.595318417279468486e+04,1.756084748031055938e+02
2.777982373185862787e+06,6.579798818729157972e+01,1.769645972349806584e+02,1.595523211506092048e+04,1.756321136521898154e+02
2.777980215919874143e+06,6.620064116840946156e+01,1.766481926533228659e+02,1.595727953738132237e+04,1.756557089318206408e+02
2.777978011854496319e+06,6.663935611149368299e+01,1.763427597238526801e+02,1.595932676764964526e+04,1.756792620241747329e+02
2.777975759160920046e+06,6.711500019510990001e+01,1.760489184806300216e+02,1.596137414602117133e+04,1.757027743921382239e+02
2.777973456152218394e+06,6.762827555207908858e+01,1.757673005819408729e+02,1.596342202406923934e+04,1.757262475812681544e+02
2.777971101304118987e+06,6.817970296799825292e+01,1.754985459021595489e+02,1.596547076379038117e+04,1.757496832213459186e+02
2.777968693273293786e+06,6.876960838108742280e+01,1.752432988290159415e+02,1.596752073646989629e+04,1.757730830274660150e+02
2.777966230912717525e+06,6.939811274366815042e+01,1.750022043250148158e+02,1.596957232142415342e+04,1.757964488006438160e+02
2.777963713283422403e+06,7.006512569455716744e+01,1.747759038224173196e+02,1.597162590463936249e+04,1.758197824278871622e+02
2.777961139662412927e+06,7.077034334965370022e+01,1.745650310295350778e+02,1.597368187733022751e+04,1.758430858817302180e+02
2.777958509546255227e+06,7.151325035359774063e+01,1.743702077315165297e+02,1.597574063444681087e+04,1.758663612192011669e+02
2.777955822650433984e+06,7.229312615971358014e+01,1.741920396709076897e+02,1.597780257315577910e+04,1.758896105802316185e+02
2.777953078904553317e+06,7.310905533078860685e+01,1.740311125918036055e+02,1.597986809132722010e+04,1.759128361855204901e+02
2.777950278443595394e+06,7.395994149180164356e+01,1.738879885265117764e+02,1.598193758605295079e+04,1.759360403338663161e+02
2.777947421595549211e+06,7.484452442850928833e+01,1.737632023955151510e+02,1.598401145222530067e+04,1.759592253990027189e+02
2.777944508866271935e+06,7.576139972113480781e+01,1.736572589807768168e+02,1.598609008119780083e+04,1.759823938259895044e+02
2.777941540921772365e+06,7.670904023565910279e+01,1.735706303196310785e+02,1.598817385955029567e+04,1.760055481271869269e+02
2.777938518568827305e+06,7.768581876802656438e+01,1.735037535525481758e+02,1.599026316797297113e+04,1.760286908778963095e+02
2.777935442734614480e+06,7.869003114732630877e+01,1.734570292436233672e+02,1.599235838028191029e+04,1.760518247117027499e+02
2.777932314445790835e+06,7.971991914817311908e+01,1.734308201786381574e+02,1.599445986257361619e+04,1.760749523156027578e+02
2.777929134807786439e+06,8.077369263351209838e+01,1.734254506324382135e+02,1.599656797252105207e+04,1.760980764249599702e+02
2.777925904984844849e+06,8.184955043908919947e+01,1.734412060859415874e+02,1.599868305881104607e+04,1.761211998183766525e+02
2.777922626181005500e+06,8.294569961191368179e+01,1.734783333634332507e+02,1.600080546071771278e+04,1.761443253125217723e+02
2.777919299622575752e+06,8.406037271955545975e+01,1.735370411533746164e+02,1.600293550780636360e+04,1.761674557569699004e+02
2.777915926542294212e+06,8.519184304860971224e+01,1.736175008705814378e+02,1.600507351975617530e+04,1.761905940291240427e+02
2.777912508165251929e+06,8.633843760404428735e+01,1.737198478144313469e+02,1.600721980629351492e+04,1.762137430292399358e+02
2.777909045696628746e+06,8.749854790282007855e+01,1.738441825763700308e+02,1.600937466722133649e+04,1.762369056756151338e+02
2.777905540311299730e+06,8.867063862310772038e+01,1.739905726502977359e+02,1.601153839253373735e+04,1.762600848999587697e+02
2.777901993145330343e+06,8.985325422384245542e+01,1.741590542011006733e+02,1.601371126260323035e+04,1.762832836429783470e+02
2.777898405289078597e+06,9.104502368856284988e+01,1.743496339492498350e+02,1.601589354842714602e+04,1.763065048502053287e+02
2.777894777781898156e+06,9.224466357356421042e+01,1.745622911328957798e+02,1.601808551192401501e+04,1.763297514680654956e+02
2.777891111608223990e+06,9.345097955494748021e+01,1.747969795128250894e+02,1.602028740626721083e+04,1.763530264402172634e+02
2.777887407694993541e+06,9.466286667406697575e+01,1.750536293898729809e+02,1.602249947624771085e+04,1.763763327041513094e+02
2.777883666910067201e+06,9.587930847803207257e+01,1.753321496086180673e+02,1.602472195865639333e+04,1.763996731880703521e+02
2.777879890061737504e+06,9.709937524327411040e+01,1.756324295254261187e+02,1.602695508267898731e+04,1.764230508080183313e+02
2.777876077898861375e+06,9.832222145735559593e+01,1.759543409227904647e+02,1.602919907029753449e+04,1.764464684652884046e+02
2.777872231111689005e+06,9.954708271871281511e+01,1.762977398556667481e+02,1.603145413669136724e+04,1.764699290440784694e+02
2.777868350333336741e+06,1.007732721970535437e+02,1.766624684187668777e+02,1.603372049063546910e+04,1.764934354093918500e+02
2.777864436141499318e+06,1.020001767797216701e+02,1.770483564267478016e+02,1.603599833489031334e+04,1.765169904051813035e+02
2.777860489060547203e+06,1.032272530121330192e+02,1.774552230018487080e+02,1.603828786658181525e+04,1.765405968527049083e+02
2.777856509563889354e+06,1.044540229240278535e+02,1.778828780656743618e+02,1.604058927756858429e+04,1.765642575491048092e+02
2.777852498076385818e+06,1.056800698180427815e+02,1.783311237337552200e+02,1.604290275479468073e+04,1.765879752661805639e+02
2.777848454976936337e+06,1.069050340832328772e+02,1.787997556130082444e+02,1.604522848062745652e+04,1.766117527493448449e+02
2.777844380601014942e+06,1.081286090838121510e+02,1.792885640035032964e+02,1.604756663317840503e+04,1.766355927167601010e+02
2.777840275243363809e+06,1.093505371624629134e+02,1.797973350069165974e+02,1.604991738660874944e+04,1.766594978586281002e+02
2.777836139160415623e+06,1.105706057881469633e+02,1.803258515448297885e+02,1.605228091141714322e+04,1.766834708366278051e+02
2.777831972572842147e+06,1.117886438702943366e+02,1.808738942905848432e+02,1.605465737471217108e+04,1.767075142835010979e+02
2.777827775667967275e+06,1.130045182544372011e+02,1.814412425188381803e+02,1.605704694046790610e+04,1.767316308027396303e+02
2.777823548601967748e+06,1.142181304087220610e+02,1.820276748771771054e+02,1.605944976976406360e+04,1.767558229684086655e+02
2.777819291502272710e+06,1.154294133061007130e+02,1.826329700843634214e+02,1.606186602101100652e+04,1.767800933250586297e+02
2.777815004469388165e+06,1.166383285032638213e+02,1.832569075597683081e+02,1.606429585016112287e+04,1.768044443877371634e+02
2.777810687579046469e+06,1.178448634144015443e+02,1.838992679885846826e+02,1.606673941090472908e+04,1.768288786420782515e+02
2.777806340883988887e+06,1.190490287755908554e+02,1.845598338273052264e+02,1.606919685485468290e+04,1.768533985444772725e+02
2.777801964415720664e+06,1.202508562938368186e+02,1.852383897538166764e+02,1.607166833171765575e+04,1.768780065223199074e+02
2.777797558186029550e+06,1.214503964735281301e+02,1.859347230663275070e+02,1.607415398945435118e+04,1.769027049742876443e+02
2.777793122188652400e+06,1.226477166121592290e+02,1.866486240351495667e+02,1.607665397442847097e+04,1.769274962706964800e+02
2.777788656400540378e+06,1.238428989566001093e+02,1.873798862111416952e+02,1.607916843154552407e+04,1.769523827539009346e+02
2.777784160783169325e+06,1.250360390108562569e+02,1.881283066944345990e+02,1.608169750438291521e+04,1.769773667387294438e+02
2.777779635283822194e+06,1.262272439861486220e+02,1.888936863668399724e+02,1.608424133530993458e+04,1.770024505129551642e+02
2.777775079836599063e+06,1.274166313841826508e+02,1.896758300911068602e+02,1.608680006560042420e+04,1.770276363378048927e+02
2.777770494363429025e+06,1.286043277046203741e+02,1.904745468800102799e+02,1.608937383553774634e+04,1.770529264484830776e+02
2.777765878775127232e+06,1.297904672680527085e+02,1.912896500380338409e+02,1.609196278451223770e+04,1.770783230547331470e+02
2.777761232972124126e+06,1.309751911460632527e+02,1.921209572781952488e+02,1.609456705111261726e+04,1.771038283414046646e+02
2.777756556845325511e+06,1.321586461903629868e+02,1.929682908164055277e+02,1.609718677321065661e+04,1.771294444690425962e+02
2.777751850276795216e+06,1.333409841533761835e+02,1.938314774455302256e+02,1.609982208804114089e+04,1.771551735744848486e+02
2.777747113140464760e+06,1.345223608930718626e+02,1.947103485911904670e+02,1.610247313227593077e+04,1.771810177714773147e+02
2.777742345302754547e+06,1.357029356552652075e+02,1.956047403511388438e+02,1.610514004209334053e+04,1.772069791512889765e+02
2.777737546623018105e+06,1.368828704270515004e+02,1.965144935199136000e+02,1.610782295324338156e+04,1.772330597833364152e+02
2.777732716954216827e+06,1.380623293554366455e+02,1.974394536003505607e+02,1.611052200110842750e+04,1.772592617158053656e+02
2.777727856143236160e+06,1.392414782256542196e+02,1.983794708033389043e+02,1.611323732076112356e+04,1.772855869762857992e+02
2.777722964031377342e+06,1.404204839940520060e+02,1.993344000371701270e+02,1.611596904701720632e+04,1.773120375723920858e+02
2.777718040454770904e+06,1.415995143707960437e+02,2.003041008876170679e+02,1.611871731448659739e+04,1.773386154923985600e+02
2.777713085244636983e+06,1.427787374480175799e+02,2.012884375898755707e+02,1.612148225762076436e+04,1.773653227058493940e+02
2.777708098227718845e+06,1.439583213693509549e+02,2.022872789933102240e+02,1.612426401075762078e+04,1.773921611641948459e+02
2.777703079226481728e+06,1.451384340371447195e+02,2.033004985199222858e+02,1.612706270816370670e+04,1.774191328013932605e+02
2.777698028059413657e+06,1.463192428539077810e+02,2.043279741173476225e+02,1.612987848407409183e+04,1.774462395345301786e+02
2.777692944541303907e+06,1.475009144948615187e+02,2.053695882071136509e+02,1.613271147273055249e+04,1.774734832644120388e+02
2.777687828483380377e+06,1.486836147086888218e+02,2.064252276288216592e+02,1.613556180841690730e+04,1.775008658761739184e+02
2.777682679693535902e+06,1.498675081438517793e+02,2.074947835808675904e+02,1.613842962549343065e+04,1.775283892398569208e+02
2.777677497976602055e+06,1.510527581980591378e+02,2.085781515582291377e+02,1.614131505842877777e+04,1.775560552110011656e+02
2.777672283134364523e+06,1.522395268886467363e+02,2.096752312878161888e+02,1.614421824183095487e+04,1.775838656312081980e+02
2.777667034965786617e+06,1.534279747418728164e+02,2.107859266618316383e+02,1.614713931047640654e+04,1.776118223287141404e+02
2.777661753267164808e+06,1.546182606992722981e+02,2.119101456695219952e+02,1.615007839933831747e+04,1.776399271189349633e+02
2.777656437832212541e+06,1.558105420393758038e+02,2.130478003276951142e+02,1.615303564361269673e+04,1.776681818050252559e+02
2.777651088452147786e+06,1.570049743132760796e+02,2.141988066103089068e+02,1.615601117874439115e+04,1.776965881784014414e+02
2.777645704915866256e+06,1.582017112926243669e+02,2.153630843774168966e+02,1.615900514045140881e+04,1.777251480192829831e+02
2.777640287009927910e+06,1.594009049287983828e+02,2.165405573037399733e+02,1.616201766474831675e+04,1.777538630972007070e+02
2.777634834518731572e+06,1.606027053220740584e+02,2.177311528070655413e+02,1.616504888796880914e+04,1.777827351715074542e+02
2.777629347224544268e+06,1.618072606997463367e+02,2.189348019767042501e+02,1.616809894678734963e+04,1.778117659918816287e+02
2.777623824907551985e+06,1.630147174022568777e+02,2.201514395021625035e+02,1.617116797824031892e+04,1.778409572988115599e+02
2.777618267345949076e+06,1.642252198764409172e+02,2.213810036021939709e+02,1.617425611974573440e+04,1.778703108240783877e+02
2.777612674315954559e+06,1.654389106751170857e+02,2.226234359543745427e+02,1.617736350912314083e+04,1.778998282912256741e+02
2.777607045591886621e+06,1.666559304622982154e+02,2.238786816253164318e+02,1.618049028461202215e+04,1.779295114160193236e+02
2.777601380946182646e+06,1.678764180233862646e+02,2.251466890016297100e+02,1.618363658489053159e+04,1.779593619069033821e+02
2.777595680149441119e+06,1.691005102797485620e+02,2.264274097217310100e+02,1.618680254909252471e+04,1.779893814654363950e+02
2.777589942970478907e+06,1.703283423071618756e+02,2.277207986085592211e+02,1.618998831682515993e+04,1.780195717867324561e+02
2.777584169176295865e+06,1.715600473576271554e+02,2.290268136032953521e+02,1.619319402818546769e+04,1.780499345598800005e+02
2.777578358532169368e+06,1.727957568841310092e+02,2.303454157001202418e+02,1.619641982377635395e+04,1.780804714683610541e+02
2.777572510801631026e+06,1.740356005679684870e+02,2.316765688820710523e+02,1.619966584472253089e+04,1.781111841904537698e+02
2.777566625746505335e+06,1.752797063482524322e+02,2.330202400580459425e+02,1.620293223268588372e+04,1.781420743996385454e+02
2.777560703126908746e+06,1.765282004533156339e+02,2.343763990009601059e+02,1.620621912988024087e+04,1.781731437649795566e+02
2.777554742701247800e+06,1.777812074336982562e+02,2.357450182871203310e+02,1.620952667908628791e+04,1.782043939515128841e+02
2.777548744226285722e+06,1.790388501964754937e+02,2.371260732368061213e+02,1.621285502366576111e+04,1.782358266206175301e+02
2.777542707457105629e+06,1.803012500406921390e+02,2.385195418560916494e+02,1.621620430757522627e+04,1.782674434303833664e+02
2.777536632147101685e+06,1.815685266936824291e+02,2.399254047799055627e+02,1.621957467538032506e+04,1.782992460359637050e+02
2.777530518048075959e+06,1.828407983481157544e+02,2.413436452163543038e+02,1.622296627226842065e+04,1.783312360899338103e+02
2.777524364910102449e+06,1.841181816995681118e+02,2.427742488922901316e+02,1.622637924406239290e+04,1.783634152426300545e+02
2.777518172481643967e+06,1.854007919844970047e+02,2.442172040001366611e+02,1.622981373723335491e+04,1.783957851424825947e+02
2.777511940509486943e+06,1.866887430184751793e+02,2.456725011459580514e+02,1.623326989891324592e+04,1.784283474363489859e+02
2.777505668738789856e+06,1.879821472345617792e+02,2.471401332987884416e+02,1.623674787690745507e+04,1.784611037698348639e+02
2.777499356913040392e+06,1.892811157217175264e+02,2.486200957411708146e+02,1.624024781970686490e+04,1.784940557876083744e+02
2.777493004774074070e+06,1.905857582631532807e+02,2.501123860209513907e+02,1.624376987650022602e+04,1.785272051337074970e+02
2.777486612062084023e+06,1.918961833745516969e+02,2.516170039042510496e+02,1.624731419718579491e+04,1.785605534518430204e+02
2.777480178515562788e+06,1.932124983420694662e+02,2.531339513296674681e+02,1.625088093238316833e+04,1.785941023856968002e+02
2.777473703871355392e+06,1.945348092600613654e+02,2.546632323636369222e+02,1.625447023344479749e+04,1.786278535792076525e+02
2.777467187864630017e+06,1.958632210684845347e+02,2.562048531569753322e+02,1.625808225246744769e+04,1.786618086768558840e+02
2.777460630228880793e+06,1.971978375899151388e+02,2.577588219025578269e+02,1.626171714230324324e+04,1.786959693239440128e+02
2.777454030695903581e+06,1.985387615661459506e+02,2.593251487941391247e+02,1.626537505657114343e+04,1.787303371668641034e+02
2.777447388995798305e+06,1.998860946943254930e+02,2.609038459862829882e+02,1.626905614966760913e+04,1.787649138533701603e+02
2.777440704856983386e+06,2.012399376626165406e+02,2.624949275553744883e+02,1.627276057677760036e+04,1.787997010328352587e+02
2.777433978006106801e+06,2.026003901853267450e+02,2.640984094617220421e+02,1.627648849388519739e+04,1.788347003565085913e+02
2.777427208168188576e+06,2.039675510375195415e+02,2.657143095126963885e+02,1.628024005778453284e+04,1.788699134777703819e+02
2.777420395066441502e+06,2.053415180890627312e+02,2.673426473269120720e+02,1.628401542609005628e+04,1.789053420523725038e+02
2.777413538422376383e+06,2.067223883381122107e+02,2.689834442994115307e+02,1.628781475724695883e+04,1.789409877386825087e+02
2.777406637955751736e+06,2.081102579440124032e+02,2.706367235678481507e+02,1.629163821054166692e+04,1.789768521979222839e+02
2.777399693384559359e+06,2.095052222596199840e+02,2.723025099796361133e+02,1.629548594611185399e+04,1.790129370943983531e+02
2.777392704425019678e+06,2.109073758630233044e+02,2.739808300600461166e+02,1.629935812495710161e+04,1.790492440957287954e+02
2.777385670791606884e+06,2.123168125886703592e+02,2.756717119812376495e+02,1.630325490894825452e+04,1.790857748730702497e+02
2.777378592196973972e+06,2.137336255578981081e+02,2.773751855321904713e+02,1.630717646083803447e+04,1.791225311013337205e+02
2.777371468351968564e+06,2.151579072088598537e+02,2.790912820895297841e+02,1.631112294427081906e+04,1.791595144594047042e+02
2.777364298965656664e+06,2.165897493258590316e+02,2.808200345892217342e+02,1.631509452379244067e+04,1.791967266303501276e+02
2.777357083745282143e+06,2.180292430680832183e+02,2.825614774991030913e+02,1.631909136486001626e+04,1.792341693016288957e+02
2.777349822396183852e+06,2.194764789977545831e+02,2.843156467922598267e+02,1.632311363385165350e+04,1.792718441652959598e+02
2.777342514621976763e+06,2.209315471076865833e+02,2.860825799211990557e+02,1.632716149807636793e+04,1.793097529182010987e+02
2.777335160124307033e+06,2.223945368482664833e+02,2.878623157928067826e+02,1.633123512578367809e+04,1.793478972621912533e+02
2.777327758603025228e+06,2.238655371538653185e+02,2.896548947440954294e+02,1.633533468617294602e+04,1.793862789042966881e+02
2.777320309756061062e+06,2.253446364686759296e+02,2.914603585186846431e+02,1.633946034940314348e+04,1.794248995569286649e+02
2.777312813279438298e+06,2.268319227720052709e+02,2.932787502440249909e+02,1.634361228660249981e+04,1.794637609380648939e+02
2.777305268867330626e+06,2.283274836030013262e+02,2.951101144093354378e+02,1.634779066987769875e+04,1.795028647714311489e+02
2.777297676211964805e+06,2.298314060848611859e+02,2.969544968442382356e+02,1.635199567232359914e+04,1.795422127866853259e+02
2.777290035003608558e+06,2.313437769484885678e+02,2.988119446980749103e+02,1.635622746803244263e+04,1.795818067195979779e+02
2.777282344930605497e+06,2.328646825556417070e+02,3.006825064198912969e+02,1.636048623210331971e+04,1.796216483122233569e+02
2.777274605679373257e+06,2.343942089215698275e+02,3.025662317390571161e+02,1.636477214065148655e+04,1.796617393130795222e+02
2.777266816934312228e+06,2.359324417371452398e+02,3.044631716465382851e+02,1.636908537081766008e+04,1.797020814773116797e+02
2.777258978377884720e+06,2.374794663905061327e+02,3.063733783767605132e+02,1.637342610077752397e+04,1.797426765668648727e+02
2.777251089690515772e+06,2.390353679882186384e+02,3.082969053900882273e+02,1.637779450975087457e+04,1.797835263506493675e+02
2.777243150550645310e+06,2.406002313759717026e+02,3.102338073558899509e+02,1.638219077801065760e+04,1.798246326047008097e+02
2.777235160634701606e+06,2.421741411588062363e+02,3.121841401361629096e+02,1.638661508689273614e+04,1.798659971123475145e+02
2.777227119617043994e+06,2.437571817209011158e+02,3.141479607697207825e+02,1.639106761880480917e+04,1.799076216643661041e+02
2.777219027170005720e+06,2.453494372449183061e+02,3.161253274569173755e+02,1.639554855723537548e+04,1.799495080591356384e+02
2.777210882963860873e+06,2.469509917309158595e+02,3.181162995449100777e+02,1.640005808676355082e+04,1.799916581027964639e+02
2.777202686666790862e+06,2.485619290148484026e+02,3.201209375134225184e+02,1.640459639306798999e+04,1.800340736094026965e+02
2.777194437944913749e+06,2.501823327866551665e+02,3.221393029610202916e+02,1.640916366293575993e+04,1.800767564010706394e+02
2.777186136462214403e+06,2.518122866079503694e+02,3.241714585918651892e+02,1.641376008427218039e+04,1.801197083081320898e+02
2.777177781880590599e+06,2.534518739293251031e+02,3.262174682029528299e+02,1.641838584610942416e+04,1.801629311692777833e+02
2.777169373859765474e+06,2.551011781072776614e+02,3.282773966718115730e+02,1.642304113861628139e+04,1.802064268317046469e+02
2.777160912057380658e+06,2.567602824207603476e+02,3.303513099446585102e+02,1.642772615310673427e+04,1.802501971512615171e+02
2.777152396128844470e+06,2.584292700873798481e+02,3.324392750249764390e+02,1.643244108204963413e+04,1.802942439925873259e+02
2.777143825727452058e+06,2.601082242792454053e+02,3.345413599625541679e+02,1.643718611907775994e+04,1.803385692292570184e+02
2.777135200504277833e+06,2.617972281384734856e+02,3.366576338429087514e+02,1.644196145899684416e+04,1.803831747439185733e+02
2.777126520108200610e+06,2.634963647923582926e+02,3.387881667771397929e+02,1.644676729779509333e+04,1.804280624284308203e+02
2.777117784185900353e+06,2.652057173682273969e+02,3.409330298921693725e+02,1.645160383265234486e+04,1.804732341840011429e+02
2.777108992381812073e+06,2.669253690079790999e+02,3.430922953213782307e+02,1.645647126194896555e+04,1.805186919213197996e+02
2.777100144338084850e+06,2.686554028823138651e+02,3.452660361956020552e+02,1.646136978527556494e+04,1.805644375606969163e+02
2.777091239694691263e+06,2.703959022046649920e+02,3.474543266345244206e+02,1.646629960344201754e+04,1.806104730321894181e+02
2.777082278089256492e+06,2.721469502448529738e+02,3.496572417383885067e+02,1.647126091848669967e+04,1.806568002757397551e+02
2.777073259157158900e+06,2.739086303424464290e+02,3.518748575800987624e+02,1.647625393368598088e+04,1.807034212413047669e+02
2.777064182531430852e+06,2.756810259198539370e+02,3.541072511976342980e+02,1.648127885356320257e+04,1.807503378889824432e+02
2.777055047842824832e+06,2.774642204951542794e+02,3.563545005868024305e+02,1.648633588389842771e+04,1.807975521891427206e+02
2.777045854719759896e+06,2.792582976946652025e+02,3.586166846943225437e+02,1.649142523173739755e+04,1.808450661225543854e+02
2.777036602788245305e+06,2.810633412652665584e+02,3.608938834112162795e+02,1.649654710540107772e+04,1.808928816805133692e+02
2.777027291671987157e+06,2.828794350864675948e+02,3.631861775665100822e+02,1.650170171449501504e+04,1.809410008649685153e+02
2.777017920992290601e+06,2.847066631822589784e+02,3.654936489212319088e+02,1.650688926991895278e+04,1.809894256886441326e+02
2.777008490368056111e+06,2.865451097327190269e+02,3.678163801627077873e+02,1.651210998387580184e+04,1.810381581751669557e+02
2.776998999415775295e+06,2.883948590854008671e+02,3.701544548991324177e+02,1.651736406988152885e+04,1.810872003591883583e+02
2.776989447749516927e+06,2.902559957665080788e+02,3.725079576544376891e+02,1.652265174277453843e+04,1.811365542865083000e+02
2.776979834980901331e+06,2.921286044918597895e+02,3.748769738634045439e+02,1.652797321872496468e+04,1.811862220141949535e+02
2.776970160719104577e+06,2.940127701776463027e+02,3.772615898670587171e+02,1.653332871524459915e+04,1.812362056107104422e+02
2.776960424570787698e+06,2.959085779509969711e+02,3.796618929083228977e+02,1.653871845119613863e+04,1.812865071560264880e+02
2.776950626140156295e+06,2.978161131603503122e+02,3.820779711279112689e+02,1.654414264680281121e+04,1.813371287417471933e+02
2.776940765028927475e+06,2.997354613856364267e+02,3.845099135604717731e+02,1.654960152365835893e+04,1.813880724712311974e+02
2.776930840836223681e+06,3.016667084482876930e+02,3.869578101309773501e+02,1.655509530473637278e+04,1.814393404597056758e+02
2.776920853158687707e+06,3.036099404210719968e+02,3.894217516513422197e+02,1.656062421439993705e+04,1.814909348343897193e+02
2.776910801590393297e+06,3.055652436377498589e+02,3.919018298172567825e+02,1.656618847841164825e+04,1.815428577346101520e+02
2.776900685722824652e+06,3.075327047025790534e+02,3.943981372052721781e+02,1.657178832394337951e+04,1.815951113119186289e+02
2.776890505144914612e+06,3.095124104996482401e+02,3.969107672700731086e+02,1.657742397958567017e+04,1.816476977302128546e+02
2.776880259442922659e+06,3.115044482020715009e+02,3.994398143419750795e+02,1.658309567535810856e+04,1.817006191658497585e+02
2.776869948200565763e+06,3.135089052810186558e+02,4.019853736246327571e+02,1.658880364271896542e+04,1.817538778077613415e+02
2.776859570998867042e+06,3.155258695146131913e+02,4.045475411929399456e+02,1.659454811457498363e+04,1.818074758575781686e+02
2.776849127416194882e+06,3.175554289966802344e+02,4.071264139911364168e+02,1.660032932529167010e+04,1.818614155297369166e+02
2.776838617028262932e+06,3.195976721453770324e+02,4.097220898311060182e+02,1.660614751070307102e+04,1.819156990516023598e+02
2.776828039408113342e+06,3.216526877116606897e+02,4.123346673908428102e+02,1.661200290812186358e+04,1.819703286635798349e+02
2.776817394126028754e+06,3.237205647876660919e+02,4.149642462131425873e+02,1.661789575634963330e+04,1.820253066192324525e+02
2.776806680749602616e+06,3.258013928149397884e+02,4.176109267044326998e+02,1.662382629568647462e+04,1.820806351853936746e+02
2.776795898843690753e+06,3.278952615925547889e+02,4.202748101337987805e+02,1.662979476794195944e+04,1.821363166422879374e+02
2.776785047970351297e+06,3.300022612851175836e+02,4.229559986321713154e+02,1.663580141644470859e+04,1.821923532836399033e+02
2.776774127688892186e+06,3.321224824306702885e+02,4.256545951917033790e+02,1.664184648605298571e+04,1.822487474167899677e+02
2.776763137555856723e+06,3.342560159484630731e+02,4.283707036652756983e+02,1.664793022316480346e+04,1.823055013628157894e+02
2.776752077124908566e+06,3.364029531466559320e+02,4.311044287661941325e+02,1.665405287572874295e+04,1.823626174566380769e+02
2.776740945946900174e+06,3.385633857298860221e+02,4.338558760680225532e+02,1.666021469325361613e+04,1.824200980471403852e+02
2.776729743569874670e+06,3.407374058067687770e+02,4.366251520045864822e+02,1.666641592681978727e+04,1.824779454972818087e+02
2.776718469538955484e+06,3.429251058972827195e+02,4.394123638701095160e+02,1.667265682908874442e+04,1.825361621842160105e+02
2.776707123396418989e+06,3.451265789400787867e+02,4.422176198195085135e+02,1.667893765431477368e+04,1.825947504993989412e+02
2.776695704681638628e+06,3.473419182996969425e+02,4.450410288688241280e+02,1.668525865835459626e+04,1.826537128487085511e+02
2.776684212931001559e+06,3.495712177737030970e+02,4.478827008957977682e+02,1.669162009867844972e+04,1.827130516525575104e+02
2.776672647678033449e+06,3.518145715997337106e+02,4.507427466405840164e+02,1.669802223438081637e+04,1.827727693460102216e+02
2.776661008453271817e+06,3.540720744624851477e+02,4.536212777065958335e+02,1.670446532619126810e+04,1.828328683788951423e+02
2.776649294784242753e+06,3.563438215006030987e+02,4.565184065614861311e+02,1.671094963648498015e+04,1.828933512159232464e+02
2.776637506195521448e+06,3.586299083135140222e+02,4.594342465382459295e+02,1.671747542929403062e+04,1.829542203367980733e+02
2.776625642208641395e+06,3.609304309681912741e+02,4.623689118364486603e+02,1.672404297031797614e+04,1.830154782363358379e+02
2.776613702342110686e+06,3.632454860058369377e+02,4.653225175236001405e+02,1.673065252693505317e+04,1.830771274245808229e+02
2.776601686111376621e+06,3.655751704485196001e+02,4.682951795366204806e+02,1.673730436821324474e+04,1.831391704269175023e+02
2.776589593028810341e+06,3.679195818057357315e+02,4.712870146834408729e+02,1.674399876492109252e+04,1.832016097841887756e+02
2.776577422603678890e+06,3.702788180809158689e+02,4.742981406447178188e+02,1.675073598953929832e+04,1.832644480528132078e+02
2.776565174342168029e+06,3.726529777778825405e+02,4.773286759756613264e+02,1.675751631627176903e+04,1.833276878048995684e+02
2.776552847747303545e+06,3.750421599072337813e+02,4.803787401079782171e+02,1.676434002105679247e+04,1.833913316283629911e+02
2.776540442318953574e+06,3.774464639926997052e+02,4.834484533519140541e+02,1.677120738157832966e+04,1.834553821270442029e+02
2.776527957553818356e+06,3.798659900774226230e+02,4.865379368984256416e+02,1.677811867727788922e+04,1.835198419208245184e+02
2.776515392945437226e+06,3.823008387302081132e+02,4.896473128214316262e+02,1.678507418936532122e+04,1.835847136457440740e+02
2.776502747984080110e+06,3.847511110517299926e+02,4.927767040801911094e+02,1.679207420083095712e+04,1.836499999541198065e+02
2.776490022156826220e+06,3.872169086806680411e+02,4.959262345217726420e+02,1.679911899645696030e+04,1.837157035146645967e+02
2.776477214947477914e+06,3.896983337998395882e+02,4.990960288836146219e+02,1.680620886282860010e+04,1.837818270126003881e+02
2.776464325836570933e+06,3.921954891422539617e+02,5.022862127962112027e+02,1.681334408834683200e+04,1.838483731497849476e+02
2.776451354301338084e+06,3.947084779971582975e+02,5.054969127858698812e+02,1.682052496323928062e+04,1.839153446448244154e+02
2.776438299815697130e+06,3.972374042160294039e+02,5.087282562775710630e+02,1.682775177957245614e+04,1.839827442331960867e+02
2.776425161850249860e+06,3.997823722185358406e+02,5.119803715979245453e+02,1.683502483126371226e+04,1.840505746673666465e+02
2.776411939872214571e+06,4.023434869984664033e+02,5.152533879782221220e+02,1.684234441409302963e+04,1.841188387169123928e+02
2.776398633345429320e+06,4.049208541296274575e+02,5.185474355575702248e+02,1.684971082571523220e+04,1.841875391686430419e+02
2.776385241730350535e+06,4.075145797717120786e+02,5.218626453861085110e+02,1.685712436567203258e+04,1.842566788267172058e+02
2.776371764483983628e+06,4.101247706761355403e+02,5.251991494283458906e+02,1.686458533540436838e+04,1.843262605127691245e+02
2.776358201059910934e+06,4.127515341918476111e+02,5.285570805665329317e+02,1.687209403826430207e+04,1.843962870660256783e+02
2.776344550908255856e+06,4.153949782711205785e+02,5.319365726041762628e+02,1.687965077952769207e+04,1.844667613434348823e+02
2.776330813475625589e+06,4.180552114753022579e+02,5.353377602695777568e+02,1.688725586640646361e+04,1.845376862197823868e+02
2.776316988205152098e+06,4.207323429805705359e+02,5.387607792195030925e+02,1.689490960806116709e+04,1.846090645878184375e+02
2.776303074536399916e+06,4.234264825836334580e+02,5.422057660429217094e+02,1.690261231561336172e+04,1.846808993583807705e+02
2.776289071905412711e+06,4.261377407074380699e+02,5.456728582647931489e+02,1.691036430215826113e+04,1.847531934605195545e+02
2.776274979744627140e+06,4.288662284068463464e+02,5.491621943499775398e+02,1.691816588277750998e+04,1.848259498416216502e+02
2.776260797482904047e+06,4.316120573742849160e+02,5.526739137072009953e+02,1.692601737455183684e+04,1.848991714675348135e+02
2.776246524545470253e+06,4.343753399454012083e+02,5.562081566930971803e+02,1.693391909657412907e+04,1.849728613226955360e+02
2.776232160353910644e+06,4.371561891046829373e+02,5.597650646163273223e+02,1.694187136996186382e+04,1.850470224102556074e+02
2.776217704326154198e+06,4.399547184910730948e+02,5.633447797417793481e+02,1.694987451787057944e+04,1.851216577522041291e+02
2.776203155876399949e+06,4.427710424035625465e+02,5.669474452948295493e+02,1.695792886550669573e+04,1.851967703895021202e+02
2.776188514415192418e+06,4.456052758067821173e+02,5.705732054656974697e+02,1.696603474014053427e+04,1.852723633822086526e+02
2.776173779349328950e+06,4.484575343365711433e+02,5.742222054138399017e+02,1.697419247111982986e+04,1.853484398096037751e+02
2.776158950081770774e+06,4.513279343055365302e+02,5.778945912724510663e+02,1.698240238988286728e+04,1.854250027703264720e+02
2.776144026011784561e+06,4.542165927086090278e+02,5.815905101530049706e+02,1.699066482997162166e+04,1.855020553824957119e+02
2.776129006534794811e+06,4.571236272285779023e+02,5.853101101498878052e+02,1.699898012704557550e+04,1.855796007838494859e+02
2.776113891042392235e+06,4.600491562416159468e+02,5.890535403450791136e+02,1.700734861889519379e+04,1.856576421318691530e+02
2.776098678922305815e+06,4.629932988228169961e+02,5.928209508129076539e+02,1.701577064545504618e+04,1.857361826039150401e+02
2.776083369558398612e+06,4.659561747516881383e+02,5.966124926248978682e+02,1.702424654881816605e+04,1.858152253973572101e+02
2.776067962330650538e+06,4.689379045176648901e+02,6.004283178546262434e+02,1.703277667324949653e+04,1.858947737297070830e+02
2.776052456615056843e+06,4.719386093255989181e+02,6.042685795827087532e+02,1.704136136519951106e+04,1.859748308387545421e+02
2.776036851783699822e+06,4.749584111012493963e+02,6.081334319017962571e+02,1.705000097331850338e+04,1.860553999826988445e+02
2.776021147204672452e+06,4.779974324967552661e+02,6.120230299216733556e+02,1.705869584847036822e+04,1.861364844402858694e+02
2.776005342242076993e+06,4.810557968961001052e+02,6.159375297743921465e+02,1.706744634374694215e+04,1.862180875109421265e+02
2.775989436255968641e+06,4.841336284205913216e+02,6.198770886194866989e+02,1.707625281448178066e+04,1.863002125149116068e+02
2.775973428602352273e+06,4.872310519342789235e+02,6.238418646492384596e+02,1.708511561826475372e+04,1.863828627933948212e+02
2.775957318633195013e+06,4.903481930494206722e+02,6.278320170940078242e+02,1.709403511495629573e+04,1.864660417086808764e+02
2.775941105696291663e+06,4.934851781318952249e+02,6.318477062276188008e+02,1.710301166670170642e+04,1.865497526442933065e+02
2.775924789135369938e+06,4.966421343066302825e+02,6.358890933728114305e+02,1.711204563794591741e+04,1.866339990051241955e+02
2.775908368289962877e+06,4.998191894629894136e+02,6.399563409067445718e+02,1.712113739544768760e+04,1.867187842175740684e+02
2.775891842495454010e+06,5.030164722601765561e+02,6.440496122665459779e+02,1.713028730829478081e+04,1.868041117296940570e+02
2.775875211082980037e+06,5.062341121325978861e+02,6.481690719549635560e+02,1.713949574791832492e+04,1.868899850113301966e+02
2.775858473379503936e+06,5.094722392952119776e+02,6.523148855460080995e+02,1.714876308810789124e+04,1.869764075542574346e+02
2.775841628707662690e+06,5.127309847488647847e+02,6.564872196906932231e+02,1.715808970502633383e+04,1.870633828723307772e+02
2.775824676385864615e+06,5.160104802856091055e+02,6.606862421228287303e+02,1.716747597722485079e+04,1.871509145016225091e+02
2.775807615728178527e+06,5.193108584939549246e+02,6.649121216648354675e+02,1.717692228565819096e+04,1.872390060005725729e+02
2.775790446044347249e+06,5.226322527641495981e+02,6.691650282336622695e+02,1.718642901369963511e+04,1.873276609501279211e+02
2.775773166639745701e+06,5.259747972933724895e+02,6.734451328466943778e+02,1.719599654715658835e+04,1.874168829538911893e+02
2.775755776815357618e+06,5.293386270909194309e+02,6.777526076277538323e+02,1.720562527428559406e+04,1.875066756382713606e+02
2.775738275867742952e+06,5.327238779833309081e+02,6.820876258131527266e+02,1.721531558580833371e+04,1.875970426526214396e+02
2.775720663089020643e+06,5.361306866194734084e+02,6.864503617577454406e+02,1.722506787492646981e+04,1.876879876693966196e+02
2.775702937766859308e+06,5.395591904755609676e+02,6.908409909410707996e+02,1.723488253733811507e+04,1.877795143842975847e+02
2.775685099184398074e+06,5.430095278601097561e+02,6.952596899735389115e+02,1.724475997125287176e+04,1.878716265164233903e+02
2.775667146620256361e+06,5.464818379188277504e+02,6.997066366026206197e+02,1.725470057740805714e+04,1.879643278084202507e+02
2.775649079348532949e+06,5.499762606394160684e+02,7.041820097191213108e+02,1.726470475908450680e+04,1.880576220266339647e+02
2.775630896638701670e+06,5.534929368562781065e+02,7.086859893634713217e+02,1.727477292212260363e+04,1.881515129612623980e+02
2.775612597755645867e+06,5.570320082551205587e+02,7.132187567320424932e+02,1.728490547493820850e+04,1.882460044265119734e+02
2.775594181959641632e+06,5.605936173774388180e+02,7.177804941835347563e+02,1.729510282853936951e+04,1.883411002607421096e+02
2.775575648506254889e+06,5.641779076248791398e+02,7.223713852453448681e+02,1.730536539654173612e+04,1.884368043266335917e+02
2.775556996646418702e+06,5.677850232634282293e+02,7.269916146200004050e+02,1.731569359518564670e+04,1.885331205113327258e+02
2.775538225626294501e+06,5.714151094274570823e+02,7.316413681916230871e+02,1.732608784335244854e+04,1.886300527266147640e+02
2.775519334687360562e+06,5.750683121235670114e+02,7.363208330323683413e+02,1.733654856258066866e+04,1.887276049090401671e+02
2.775500323066248093e+06,5.787447782342211440e+02,7.410301974089264831e+02,1.734707617708305770e+04,1.888257810201118048e+02
2.775481189994877670e+06,5.824446555211529812e+02,7.457696507890275370e+02,1.735767111376284447e+04,1.889245850464332932e+02
2.775461934700298123e+06,5.861680926284886937e+02,7.505393838479320721e+02,1.736833380223109998e+04,1.890240209998717091e+02
2.775442556404689793e+06,5.899152390855894055e+02,7.553395884749450033e+02,1.737906467482294102e+04,1.891240929177177463e+02
2.775423054325427860e+06,5.936862453095559431e+02,7.601704577799379194e+02,1.738986416661506155e+04,1.892248048628483730e+02
2.775403427674917504e+06,5.974812626073509136e+02,7.650321860998170678e+02,1.740073271544243471e+04,1.893261609238851406e+02
2.775383675660680514e+06,6.013004431775368630e+02,7.699249690050347681e+02,1.741167076191528395e+04,1.894281652153646860e+02
2.775363797485266812e+06,6.051439401115036389e+02,7.748490033060041924e+02,1.742267874943653078e+04,1.895308218778987737e+02
2.775343792346259113e+06,6.090119073942196337e+02,7.798044870595564362e+02,1.743375712421883509e+04,1.896341350783396535e+02
2.775323659436207265e+06,6.129044999043768485e+02,7.847916195752922022e+02,1.744490633530203922e+04,1.897381090099478058e+02
2.775303397942697164e+06,6.168218734139012440e+02,7.898106014219034705e+02,1.745612683457026651e+04,1.898427478925578669e+02
2.775283007048227359e+06,6.207641845867456141e+02,7.948616344334266159e+02,1.746741907676958726e+04,1.899480559727482216e+02
2.775262485930264462e+06,6.247315909768453821e+02,7.999449217154218559e+02,1.747878351952525554e+04,1.900540375240054232e+02
2.775241833761115558e+06,6.287242510252351622e+02,8.050606676510145689e+02,1.749022062335952432e+04,1.901606968469007484e+02
2.775221049708064180e+06,6.327423240561155353e+02,8.102090779068805659e+02,1.750173085170863851e+04,1.902680382692540775e+02
2.775200132933200337e+06,6.367859702718120616e+02,8.153903594390703802e+02,1.751331467094091204e+04,1.903760661463087729e+02
2.775179082593511790e+06,6.408553507465079520e+02,8.206047204986506358e+02,1.752497255037392824e+04,1.904847848608998220e+02
2.775157897840837017e+06,6.449506274185796428e+02,8.258523706372228617e+02,1.753670496229254786e+04,1.905941988236329792e+02
2.775136577821757644e+06,6.490719630813790673e+02,8.311335207122002657e+02,1.754851238196595295e+04,1.907043124730511181e+02
2.775115121677800547e+06,6.532195213723300640e+02,8.364483828918629342e+02,1.756039528766574585e+04,1.908151302758136296e+02
2.775093528545164969e+06,6.573934667600576631e+02,8.417971706601500728e+02,1.757235416068297127e+04,1.909266567268652182e+02
2.775071797554953489e+06,6.615939645294220099e+02,8.471800988211431331e+02,1.758438948534618612e+04,1.910388963496204155e+02
2.775049927833002061e+06,6.658211807641812356e+02,8.525973835032099259e+02,1.759650174903837615e+04,1.911518536961293933e+02
2.775027918499944266e+06,6.700752823269538112e+02,8.580492421627845943e+02,1.760869144221470924e+04,1.912655333472634425e+02
2.775005768671241589e+06,6.743564368363229278e+02,8.635358935876801070e+02,1.762095905841965578e+04,1.913799399128854475e+02
2.774983477457121946e+06,6.786648126405865469e+02,8.690575578999151958e+02,1.763330509430384700e+04,1.914950780320305626e+02
2.774961043962635100e+06,6.830005787878956198e+02,8.746144565580383414e+02,1.764573004964177380e+04,1.916109523730833928e+02
2.774938467287655454e+06,6.873639049923325501e+02,8.802068123587594073e+02,1.765823442734780474e+04,1.917275676339579888e+02
2.774915746526930481e+06,6.917549615954527553e+02,8.858348494379384874e+02,1.767081873349344460e+04,1.918449285422722710e+02
2.774892880770028569e+06,6.961739195228165045e+02,8.914987932707913387e+02,1.768348347732321417e+04,1.919630398555316333e+02
2.774869869101451710e+06,7.006209502349172453e+02,8.971988706711974828e+02,1.769622917127103210e+04,1.920819063613004687e+02
2.774846710600685794e+06,7.050962256718872823e+02,9.029353097900681178e+02,1.770905633097560712e+04,1.922015328773902638e+02
2.774823404342142399e+06,7.095999181912849281e+02,9.087083401125925093e+02,1.772196547529644522e+04,1.923219242520283956e+02
2.774799949395359959e+06,7.141322004981531109e+02,9.145181924542893057e+02,1.773495712632778668e+04,1.924430853640436112e+02
2.774776344824932516e+06,7.186932455665528323e+02,9.203650989556733748e+02,1.774803180941404571e+04,1.925650211230369848e+02
2.774752589690742549e+06,7.232832265515152130e+02,9.262492930754248164e+02,1.776119005316291077e+04,1.926877364695646975e+02
2.774728683047894388e+06,7.279023166904290747e+02,9.321710095818438049e+02,1.777443238945874327e+04,1.928112363753085674e+02
2.774704623946947046e+06,7.325506891926264643e+02,9.381304845424203904e+02,1.778775935347532504e+04,1.929355258432525773e+02
2.774680411433987319e+06,7.372285171158406456e+02,9.441279553112785834e+02,1.780117148368697963e+04,1.930606099078582645e+02
2.774656044550743885e+06,7.419359732281064908e+02,9.501636605143019096e+02,1.781466932187963903e+04,1.931864936352328925e+02
2.774631522334831767e+06,7.466732298534360552e+02,9.562378400315745921e+02,1.782825341316037884e+04,1.933131821233009759e+02
2.774606843819851987e+06,7.514404586994395459e+02,9.623507349769586199e+02,1.784192430596576378e+04,1.934406805019719400e+02
2.774582008035653736e+06,7.562378306649674187e+02,9.685025876743729896e+02,1.785568255206897084e+04,1.935689939333028917e+02
2.774557014008547179e+06,7.610655156254052827e+02,9.746936416304574777e+02,1.786952870658560278e+04,1.936981276116597996e+02
2.774531860761566553e+06,7.659236821932113344e+02,9.809241415031997349e+02,1.788346332797740251e+04,1.938280867638770246e+02
2.774506547314783093e+06,7.708124974509516960e+02,9.871943330660451466e+02,1.789748697805416668e+04,1.939588766494102288e+02
2.774481072685651947e+06,7.757321266537135216e+02,9.935044631670247099e+02,1.791160022197410945e+04,1.940905025604859020e+02
2.774455435889357235e+06,7.806827328974874263e+02,9.998547796822781493e+02,1.792580362824118492e+04,1.942229698222423337e+02
2.774429635939287487e+06,7.856644767498029296e+02,1.006245531463400198e+03,1.794009776870005589e+04,1.943562837928660656e+02
2.774403671847490594e+06,7.906775158383483131e+02,1.012676968277871424e+03,1.795448321852796653e+04,1.944904498637276618e+02
2.774377542625180446e+06,7.957220043929518170e+02,1.019149340741794958e+03,1.796896055622404310e+04,1.946254734594978117e+02
2.774351247283386067e+06,8.007980927357490373e+02,1.025662900244140928e+03,1.798353036359340695e+04,1.947613600382636889e+02
2.774324784833605401e+06,8.059059267138231917e+02,1.032217898861453477e+03,1.799819322572901365e+04,1.948981150916294496e+02
2.774298154288536869e+06,8.110456470679231415e+02,1.038814589261992978e+03,1.801294973098764603e+04,1.950357441448106215e+02
2.774271354662951548e+06,8.162173887302626554e+02,1.045453224598157021e+03,1.802780047096137059e+04,1.951742527567126899e+02
2.774244384974611923e+06,8.214212800435744839e+02,1.052134058385862318e+03,1.804274604044321677e+04,1.953136465199920337e+02
2.774217244245291688e+06,8.266574418927801844e+02,1.058857344369381508e+03,1.805778703738646800e+04,1.954539310611106089e+02
2.774189931501995772e+06,8.319259867397099697e+02,1.065623336370083507e+03,1.807292406285695324e+04,1.955951120403594530e+02
2.774162445778202266e+06,8.372270175502985694e+02,1.072432288117272947e+03,1.808815772097792797e+04,1.957371951518751416e+02
2.774134786115349270e+06,8.425606266025490640e+02,1.079284453059097586e+03,1.810348861886570012e+04,1.958801861236245259e+02
2.774106951564404648e+06,8.479268941623329283e+02,1.086180084151417987e+03,1.811891736655571003e+04,1.960240907173656808e+02
2.774078941187715624e+06,8.533258870127189084e+02,1.093119433622067618e+03,1.813444457691815842e+04,1.961689147285856905e+02
2.774050754060919862e+06,8.587576568211429731e+02,1.100102752707939317e+03,1.815007086556150534e+04,1.963146639864029055e+02
2.774022389275236521e+06,8.642222383269619286e+02,1.107130291361810123e+03,1.816579685072246866e+04,1.964613443534299790e+02
2.773993845939871855e+06,8.697196473303481525e+02,1.114202297925604853e+03,1.818162315314188163e+04,1.966089617256112660e+02
2.773965123184808996e+06,8.752498784613433145e+02,1.121319018766496583e+03,1.819755039592353569e+04,1.967575220320016172e+02
2.773936220163817517e+06,8.808129027061404486e+02,1.128480697871706980e+03,1.821357920437469875e+04,1.969070312345031368e+02
2.773907136057776399e+06,8.864086646650142711e+02,1.135687576397586099e+03,1.822971020582789060e+04,1.970574953275537382e+02
2.773877870078545064e+06,8.920370795142283669e+02,1.142939892167995140e+03,1.824594402943845489e+04,1.972089203377402100e+02
2.773848421472965740e+06,8.976980296414840268e+02,1.150237879116579961e+03,1.826228130595791299e+04,1.973613123233628244e+02
2.773818789527550805e+06,9.033913609216895111e+02,1.157581766666892236e+03,1.827872266748083712e+04,1.975146773739108141e+02
2.773788973573587835e+06,9.091168785969831561e+02,1.164971779043707102e+03,1.829526874715969461e+04,1.976690216094659718e+02
2.773758972992702387e+06,9.148743427216659256e+02,1.172408134508348894e+03,1.831192017888704868e+04,1.978243511800054080e+02
2.773728787223149557e+06,9.206634631296512907e+02,1.179891044509922949e+03,1.832867759694014967e+04,1.979806722646075343e+02
2.773698415766719729e+06,9.264838938784323545e+02,1.187420712743762351e+03,1.834554163558383152e+04,1.981379910705420002e+02
2.773667858196316287e+06,9.323352271202893462e+02,1.194997334107419647e+03,1.836251292862858463e+04,1.982963138322404291e+02
2.773637114164359868e+06,9.382169863479643936e+02,1.202621093543694769e+03,1.837959210893760974e+04,1.984556468101219764e+02
2.773606183412112296e+06,9.441286189584490103e+02,1.210292164759299112e+03,1.839677980787885463e+04,1.986159962892609769e+02
2.773575065779833123e+06,9.500694880755460190e+02,1.218010708806564480e+03,1.841407665471517248e+04,1.987773685778959134e+02
2.773543761217976455e+06,9.560388635685258123e+02,1.225776872514723891e+03,1.843148327592789792e+04,1.989397700057365057e+02
2.773512269799664151e+06,9.620359122018695643e+02,1.233590786755987665e+03,1.844900029446534973e+04,1.991032069220717631e+02
2.773480591734011192e+06,9.680596868490353017e+02,1.241452564530678956e+03,1.846662832891124708e+04,1.992676856936396348e+02
2.773448727381194010e+06,9.741091147020192693e+02,1.249362298854228129e+03,1.848436799256165978e+04,1.994332127022429688e+02
2.773416677268417552e+06,9.801829844086757930e+02,1.257320060427927956e+03,1.850221989240686162e+04,1.995997943420909451e+02
2.773384442107832991e+06,9.862799320712657618e+02,1.265325895073853417e+03,1.852018462800376074e+04,1.997674370168144264e+02
2.773352022815675009e+06,9.923984260432022211e+02,1.273379820913446565e+03,1.853826279023336610e+04,1.999361471361570466e+02
2.773319420533216093e+06,9.985367504671030474e+02,1.281481825268066359e+03,1.855645495993048462e+04,2.001059311122796487e+02
2.773286636649501976e+06,1.004692987506306622e+03,1.289631861258876143e+03,1.857476170637541509e+04,2.002767953556483178e+02
2.773253672825773247e+06,1.010864998234786754e+03,1.297829844082721820e+03,1.859318358563689981e+04,2.004487462704826441e+02
2.773220531021888368e+06,1.017050402168194978e+03,1.306075646940181741e+03,1.861172113875310242e+04,2.006217902496936460e+02
2.773187213524558116e+06,1.023246555441508235e+03,1.314369096591769448e+03,1.863037488973978543e+04,2.007959336692852901e+02
2.773153722977524158e+06,1.029450527668558607e+03,1.322709968518704272e+03,1.864914534341176841e+04,2.009711828821646122e+02
2.773120062413557433e+06,1.035659077555922750e+03,1.331097981665499219e+03,1.866803298300701499e+04,2.011475442113004704e+02
2.773086235288310330e+06,1.041868627389834273e+03,1.339532792743312257e+03,1.868703826759980439e+04,2.013250239421892331e+02
2.773052245515748858e+06,1.048075236570838797e+03,1.348013990075623042e+03,1.870616162929215716e+04,2.015036283145546463e+02
2.773018097504901234e+06,1.054274574438495392e+03,1.356541086971311870e+03,1.872540347017305976e+04,2.016833635132323366e+02
2.772983796197982039e+06,1.060461892707921152e+03,1.365113514615413351e+03,1.874476415903569432e+04,2.018642356581611921e+02
2.772949347108948044e+06,1.066631997932738386e+03,1.373730614474145796e+03,1.876424402784718404e+04,2.020462507934434484e+02
2.772914756362427492e+06,1.072779224515029455e+03,1.382391630219285162e+03,1.878384336796496791e+04,2.022294148753733225e+02
2.772880030732055660e+06,1.078897408902445704e+03,1.391095699187204673e+03,1.880356242610011759e+04,2.024137337594025610e+02
2.772845177677636500e+06,1.084979865743857999e+03,1.399841843400630296e+03,1.882340140003091437e+04,2.025992131859607923e+02
2.772810205380058382e+06,1.091019366916665149e+03,1.408628960196380149e+03,1.884336043407586840e+04,2.027858587650806328e+02
2.772775122772688046e+06,1.097008124486890893e+03,1.417455812520055360e+03,1.886343961434194352e+04,2.029736759597732316e+02
2.772739939568380825e+06,1.102937778812236274e+03,1.426321018969455281e+03,1.888363896377048877e+04,2.031626700681091791e+02
2.772704666279945057e+06,1.108799393141221344e+03,1.435223043691936255e+03,1.890395843701385456e+04,2.033528462039721489e+02
2.772669314233081881e+06,1.114583456188584023e+03,1.444160186266885603e+03,1.892439791518355560e+04,2.035442092764640165e+02
2.772633895569499116e+06,1.120279894266298015e+03,1.453130571733092893e+03,1.894495720052410616e+04,2.037367639679663398e+02
2.772598423238651361e+06,1.125878094606308423e+03,1.462132140950672920e+03,1.896563601107740760e+04,2.039305147108645713e+02
2.772562910975895822e+06,1.131366941509192429e+03,1.471162641518390728e+03,1.898643397541375089e+04,2.041254656629911324e+02
2.772527373265422415e+06,1.136734866874487125e+03,1.480219619497721396e+03,1.900735062752240628e+04,2.043216206818608782e+02
2.772491825286014006e+06,1.141969916495825601e+03,1.489300412223846706e+03,1.902838540196368922e+04,2.045189832977931701e+02
2.772456282838176936e+06,1.147059833220350356e+03,1.498402142508887437e+03,1.904953762939701846e+04,2.047175566860898641e+02
2.772420762251523323e+06,1.151992157664758452e+03,1.507521714561785075e+03,1.907080653261088446e+04,2.049173436384248816e+02
2.772385280271675438e+06,1.156754346642882410e+03,1.516655811960155233e+03,1.909219122318830341e+04,2.051183465337003327e+02
2.772349853926939890e+06,1.161333908794114677e+03,1.525800898009354341e+03,1.911369069894133645e+04,2.053205673086270338e+02
2.772314500375383999e+06,1.165718556121028087e+03,1.534953218810874205e+03,1.913530384225463422e+04,2.055240074283624381e+02
2.772279236734058242e+06,1.169896369276770656e+03,1.544108809333106365e+03,1.915702941946644205e+04,2.057286678575367489e+02
2.772244079893304035e+06,1.173855973527660808e+03,1.553263502731947483e+03,1.917886608140707176e+04,2.059345490321149725e+02
2.772209046319444198e+06,1.177586721411154940e+03,1.562412943104572150e+03,1.920081236519472805e+04,2.061416508324792858e+02
2.772174151851017494e+06,1.181078877279420340e+03,1.571552601778832468e+03,1.922286669736574913e+04,2.063499725582257156e+02
2.772139411493327003e+06,1.184323798238832524e+03,1.580677797143154521e+03,1.924502739838198977e+04,2.065595129051304752e+02
2.772104839218087494e+06,1.187314105538172271e+03,1.589783717912469456e+03,1.926729268852607493e+04,2.067702699447482928e+02
2.772070447773848660e+06,1.190043840289619538e+03,1.598865449607097389e+03,1.928966069515009076e+04,2.069822411071375257e+02
2.772036248514150269e+06,1.192508597573795896e+03,1.607918003901967495e+03,1.931212946120298511e+04,2.071954231670846696e+02
2.772002251248956658e+06,1.194705633506988534e+03,1.616936350387146604e+03,1.933469695491927268e+04,2.074098122342721240e+02
2.771968464124836959e+06,1.196633940727251684e+03,1.625915450176744343e+03,1.935736108050976327e+04,2.076254037476567476e+02
2.771934893538200296e+06,1.198294288945171047e+03,1.634850290717539565e+03,1.938011968966176573e+04,2.078421924743471152e+02
2.771901544084133115e+06,1.199689228633056246e+03,1.643735921087523366e+03,1.940297059362487198e+04,2.080601725131092792e+02
2.771868418542515952e+06,1.200823057494547584e+03,1.652567487042632138e+03,1.942591157564375317e+04,2.082793373025879475e+02
2.771835517900866922e+06,1.201701750954238378e+03,1.661340265069623911e+03,1.944894040348511044e+04,2.084996796341936829e+02
2.771802841412372421e+06,1.202332859416383144e+03,1.670049694734552986e+03,1.947205484181020802e+04,2.087211916695362106e+02
2.771770386685837060e+06,1.202725376358505400e+03,1.678691408678116431e+03,1.949525266415847727e+04,2.089438649621668844e+02
2.771738149803141598e+06,1.202889582363750378e+03,1.687261259696144634e+03,1.951853166432212674e+04,2.091676904833245771e+02
2.771706125459066592e+06,1.202836870898239340e+03,1.695755344450950361e+03,1.954188966692908798e+04,2.093926586512837389e+02
2.771674307118090801e+06,1.202579561983478925e+03,1.704170023479495512e+03,1.956532453707865716e+04,2.096187593638775013e+02
2.771642687181855552e+06,1.202130709906101174e+03,1.712501937290463502e+03,1.958883418891736073e+04,2.098459820336745736e+02
2.771611257162039168e+06,1.201503910785173503e+03,1.720748018467037127e+03,1.961241659308008821e+04,2.100743156253132327e+02
2.771580007853299845e+06,1.200713115237729880e+03,1.728905499809360890e+03,1.963606978295613953e+04,2.103037486944424472e+02
2.771548929501514416e+06,1.199772450615834032e+03,1.736971918655272930e+03,1.965979185978328314e+04,2.105342694277498197e+02
2.771518011963712517e+06,1.198696056407131209e+03,1.744945117605811220e+03,1.968358099659334766e+04,2.107658656835709223e+02
2.771487244856479578e+06,1.197497935466228682e+03,1.752823241952158014e+03,1.970743544106883564e+04,2.109985250325847517e+02
2.771456617690830957e+06,1.196191822837065729e+03,1.760604734150872446e+03,1.973135351738366444e+04,2.112322347981785811e+02
2.771426119991967455e+06,1.194791073085856851e+03,1.768288325726530502e+03,1.975533362711908194e+04,2.114669820960660331e+02
2.771395741403452121e+06,1.193308566324414869e+03,1.775873026995785040e+03,1.977937424935534727e+04,2.117027538728294758e+02
2.771365471775523853e+06,1.191756632485555883e+03,1.783358115006589742e+03,1.980347394004294256e+04,2.119395369430954190e+02
2.771335301238217857e+06,1.190146992924112510e+03,1.790743120074250101e+03,1.982763133075947189e+04,2.121773180250955306e+02
2.771305220259942114e+06,1.188490718056769992e+03,1.798027811273621865e+03,1.985184512695548619e+04,2.124160837744388743e+02
2.771275219692664221e+06,1.186798199512592419e+03,1.805212181218034857e+03,1.987611410578450523e+04,2.126558208159424339e+02
2.771245290805063210e+06,1.185079135129281894e+03,1.812296430421532932e+03,1.990043711361040914e+04,2.128965157734379261e+02
2.771215425304846838e+06,1.183342525081146960e+03,1.819280951505324310e+03,1.992481306327265702e+04,2.131381552974945635e+02
2.771185615351810586e+06,1.181596677445497562e+03,1.826166313472453567e+03,1.994924093118083329e+04,2.133807260910278103e+02
2.771155853562943637e+06,1.179849221588644696e+03,1.832953246238915426e+03,1.997371975430448583e+04,2.136242149328251116e+02
2.771126133010750636e+06,1.178107127863968572e+03,1.839642625575072998e+03,1.999824862711118476e+04,2.138686086989895045e+02
2.771096447216290515e+06,1.176376732250358373e+03,1.846235458580086060e+03,2.002282669849914964e+04,2.141138943824000762e+02
2.771066790137636010e+06,1.174663764708359395e+03,1.852732869782911621e+03,2.004745316876189827e+04,2.143600591102100168e+02
2.771037156155099161e+06,1.172973380183964764e+03,1.859136087938842365e+03,2.007212728661551955e+04,2.146070901595148825e+02
2.771007540053806733e+06,1.171310191340850906e+03,1.865446433567715530e+03,2.009684834631321792e+04,2.148549749712399262e+02
2.770977937004466075e+06,1.169678302244983570e+03,1.871665307261865564e+03,2.012161568486362012e+04,2.151037011623821513e+02
2.770948342542960308e+06,1.168081342358229904e+03,1.877794178775533510e+03,2.014642867936878247e+04,2.153532565366845120e+02
2.770918752549195662e+06,1.166522500318311359e+03,1.883834576894849761e+03,2.017128674448853781e+04,2.156036290938540674e+02
2.770889163225748111e+06,1.165004557089325317e+03,1.889788080076763208e+03,2.019618933003821076e+04,2.158548070374400538e+02
2.770859571076500695e+06,1.163529918161306568e+03,1.895656307837476334e+03,2.022113591872252073e+04,2.161067787814500321e+02
2.770829972885617055e+06,1.162100644557876649e+03,1.901440912864170741e+03,2.024612602400573815e+04,2.163595329558284845e+02
2.770800365697174799e+06,1.160718482480223201e+03,1.907143573819690346e+03,2.027115918811675147e+04,2.166130584108777271e+02
2.770770746795310639e+06,1.159384891472950812e+03,1.912765988806548194e+03,2.029623498018616738e+04,2.168673442207198150e+02
2.770741113685301505e+06,1.158101071045408844e+03,1.918309869454408727e+03,2.032135299451239553e+04,2.171223796858940034e+02
2.770711464075401891e+06,1.156867985720626393e+03,1.923776935594654105e+03,2.034651284895076242e+04,2.173781543351544485e+02
2.770681795859656297e+06,1.155686388515450517e+03,1.929168910484977687e+03,2.037171418342162724e+04,2.176346579265672574e+02
2.770652107101595495e+06,1.154556842879794431e+03,1.934487516547653286e+03,2.039695665853129685e+04,2.178918804479648088e+02
2.770622396018856671e+06,1.153479743142067264e+03,1.939734471585946949e+03,2.042223995430087234e+04,2.181498121168384046e+02
2.770592660968658980e+06,1.152455333521923876e+03,1.944911485444219579e+03,2.044756376899683892e+04,2.184084433797158340e+02
2.770562900434160605e+06,1.151483725781965177e+03,1.950020257079228031e+03,2.047292781805778577e+04,2.186677649111096571e+02
2.770533113011675887e+06,1.150564915597049094e+03,1.955062472011386717e+03,2.049833183311217363e+04,2.189277676120534011e+02
2.770503297398464754e+06,1.149698797724541691e+03,1.960039800126954560e+03,2.052377556108290810e+04,2.191884426083209974e+02
2.770473452381510753e+06,1.148885180061128267e+03,1.964953893803907476e+03,2.054925876337194495e+04,2.194497812483382972e+02
2.770443576826771256e+06,1.148123796672811068e+03,1.969806386336222886e+03,2.057478121512207508e+04,2.197117751008447897e+02
2.770413669668985065e+06,1.147414319884104316e+03,1.974598890633300016e+03,2.060034270455144724e+04,2.199744159523563383e+02
2.770383729902151972e+06,1.146756371511017733e+03,1.979332998173136048e+03,2.062594303235637199e+04,2.202376958044415289e+02
2.770353756570446771e+06,1.146149533320160799e+03,1.984010278189903602e+03,2.065158201118022407e+04,2.205016068708644639e+02
2.770323748759403825e+06,1.145593356793561270e+03,1.988632277078092557e+03,2.067725946514337556e+04,2.207661415746226226e+02
2.770293705587756354e+06,1.145087372275319012e+03,1.993200517997525822e+03,2.070297522943497461e+04,2.210312925448994008e+02
2.770263626199190039e+06,1.144631097572906583e+03,1.997716500664894056e+03,2.072872914995914834e+04,2.212970526139664003e+02
2.770233509754738305e+06,1.144224046081668803e+03,2.002181701319309468e+03,2.075452108303995556e+04,2.215634148140550792e+02
2.770203355425092392e+06,1.143865734497251651e+03,2.006597572850598453e+03,2.078035089517729648e+04,2.218303723742301656e+02
2.770173162383158226e+06,1.143555690175960535e+03,2.010965545080673792e+03,2.080621846285746142e+04,2.220979187172782190e+02
2.770142929796750657e+06,1.143293458198446388e+03,2.015287025189564247e+03,2.083212367241386892e+04,2.223660474566223400e+02
2.770112656821203418e+06,1.143078608187017835e+03,2.019563398278754448e+03,2.085806641993998710e+04,2.226347523933143293e+02
2.770082342592234723e+06,1.142910740921232218e+03,2.023796028065643213e+03,2.088404661125153143e+04,2.229040275130836903e+02
2.770051986218629405e+06,1.142789494790394201e+03,2.027986257703972797e+03,2.091006416190074378e+04,2.231738669834927293e+02
2.770021586774762720e+06,1.142714552114842945e+03,2.032135410725687962e+03,2.093611899723909664e+04,2.234442651511860731e+02
2.769991143293466419e+06,1.142685645360054423e+03,2.036244792100569384e+03,2.096221105253255155e+04,2.237152165392840573e+02
2.769960654758353252e+06,1.142702563259283124e+03,2.040315689410328105e+03,2.098834027312669423e+04,2.239867158448974749e+02
2.769930120096427388e+06,1.142765156850363155e+03,2.044349374134411391e+03,2.101450661466431848e+04,2.242587579368184834e+02
2.769899538170332555e+06,1.142873345421265185e+03,2.048347103044549385e+03,2.104071004335360340e+04,2.245313378533703315e+02
2.769868907770861406e+06,1.143027122346195711e+03,2.052310119705494799e+03,2.106695053629016547e+04,2.248044508004426802e+02
2.769838227609158494e+06,1.143226560779508191e+03,2.056239656078532789e+03,2.109322808183044617e+04,2.250780921497364204e+02
2.769807496309157461e+06,1.143471819158402695e+03,2.060136934224121433e+03,2.111954268001812306e+04,2.253522574372132965e+02
2.769776712400030345e+06,1.143763146447009831e+03,2.064003168098864990e+03,2.114589434306307157e+04,2.256269423617765710e+02
2.769745874308868311e+06,1.144100887034278230e+03,2.067839565440859587e+03,2.117228309587058902e+04,2.259021427841896639e+02
2.769714980353747960e+06,1.144485485175807526e+03,2.071647329735481435e+03,2.119870897662152129e+04,2.261778547262487109e+02
2.769684028737122659e+06,1.144917488846346259e+03,2.075427662251970560e+03,2.122517203739906472e+04,2.264540743702131920e+02
2.769653017540096305e+06,1.145397552844625579e+03,2.079181764138312246e+03,2.125167234486028610e+04,2.267307980585138694e+02
2.769621944717230741e+06,1.145926440967375584e+03,2.082910838558732394e+03,2.127820998094721654e+04,2.270080222937319263e+02
2.769590808092732448e+06,1.146505027044730468e+03,2.086616092855128954e+03,2.130478504363139291e+04,2.272857437388737765e+02
2.769559605357772205e+06,1.147134294607030824e+03,2.090298740709203685e+03,2.133139764768621899e+04,2.275639592179202850e+02
2.769528334069602191e+06,1.147815334934464090e+03,2.093960004277955250e+03,2.135804792547492616e+04,2.278426657166815232e+02
2.769496991652364843e+06,1.148549343228429052e+03,2.097601116270512193e+03,2.138473602774669780e+04,2.281218603839189427e+02
2.769465575400473084e+06,1.149337612639633562e+03,2.101223321929243866e+03,2.141146212442514297e+04,2.284015405327550070e+02
2.769434082484208513e+06,1.150181525894936385e+03,2.104827880873091544e+03,2.143822640537552434e+04,2.286817036423458660e+02
2.769402509958466049e+06,1.151082544286618258e+03,2.108416068756507229e+03,2.146502908113182275e+04,2.289623473597946486e+02
2.769370854774414096e+06,1.152042193826020366e+03,2.111989178692861060e+03,2.149187038356727498e+04,2.292434695022963353e+02
2.769339113794650882e+06,1.153062048421520331e+03,2.115548522387746289e+03,2.151875056648390455e+04,2.295250680594546679e+02
2.769307283811763395e+06,1.154143710019800437e+03,2.119095430925419805e+03,2.154566990610113862e+04,2.298071411957733119e+02
2.769275361570429523e+06,1.155288785750298530e+03,2.122631255150854486e+03,2.157262870141875101e+04,2.300896872532304087e+02
2.769243343792998232e+06,1.156498862233916725e+03,2.126157365591075632e+03,2.159962727443123367e+04,2.303727047539166506e+02
2.769211227208203170e+06,1.157775477356356987e+03,2.129675151863453266e+03,2.162666597016965534e+04,2.306561924026628105e+02
2.769179008582876530e+06,1.159120089957081973e+03,2.133186021524911212e+03,2.165374515655081632e+04,2.309401490895768063e+02
2.769146684755722526e+06,1.160534048040591870e+03,2.136691398325500813e+03,2.168086522401288312e+04,2.312245738924471823e+02
2.769114252672895323e+06,1.162018556266129281e+03,2.140192719842361385e+03,2.170802658492405681e+04,2.315094660788910801e+02
2.769081709424051922e+06,1.163574643604134508e+03,2.143691434485263926e+03,2.173522967275221527e+04,2.317948251082035824e+02
2.769049052278339397e+06,1.165203132149960993e+03,2.147188997882878539e+03,2.176247494099279356e+04,2.320806506328005696e+02
2.769016278718826361e+06,1.166904608145448492e+03,2.150686868678737937e+03,2.178976286185454228e+04,2.323669424991859387e+02
2.768983386474480852e+06,1.168679396266710910e+03,2.154186503786319008e+03,2.181709392471502724e+04,2.326537007483427999e+02
2.768950373548667878e+06,1.170527538184816649e+03,2.157689353173701420e+03,2.184446863436088461e+04,2.329409256155137484e+02
2.768917238242865540e+06,1.172448776292596676e+03,2.161196854267514482e+03,2.187188750903821347e+04,2.332286175292712187e+02
2.768883979175145738e+06,1.174442543318427624e+03,2.164710426083093353e+03,2.189935107834327209e+04,2.335167771098398930e+02
2.768850595292316284e+06,1.176507958325225218e+03,2.168231463200980215e+03,2.192685988099033057e+04,2.338054051666503312e+02
2.768817085875753779e+06,1.178643829333610711e+03,2.171761329719052810e+03,2.195441446249919682e+04,2.340945026950766419e+02
2.768783450540441088e+06,1.180848662529955163e+03,2.175301353312803258e+03,2.198201537284374717e+04,2.343840708723733712e+02
2.768749689227566123e+06,1.183120677742736916e+03,2.178852819534659375e+03,2.200966316410883519e+04,2.346741110528149079e+02
2.768715802190952469e+06,1.185457829613633294e+03,2.182416966475378103e+03,2.203735838819868513e+04,2.349646247620864301e+02
2.768681789978102781e+06,1.187857833671333765e+03,2.185994979898103793e+03,2.206510159463678428e+04,2.352556136909492182e+02
2.768647653406517580e+06,1.190318196349238178e+03,2.189587988938779745e+03,2.209289332849660423e+04,2.355470796882701450e+02
2.768613393536430784e+06,1.192836247882092493e+03,2.193197062446581640e+03,2.212073412849303713e+04,2.358390247534615867e+02
2.768579011640717275e+06,1.195409176973503691e+03,2.196823206016077620e+03,2.214862452525872141e+04,2.361314510284541086e+02
2.768544509173504077e+06,1.198034066144427015e+03,2.200467359740054690e+03,2.217656503982656432e+04,2.364243607892575483e+02
2.768509887737808749e+06,1.200707926743241615e+03,2.204130396690070484e+03,2.220455618232568304e+04,2.367177564372221923e+02
2.768475149053779431e+06,1.203427732712418674e+03,2.207813122111223493e+03,2.223259845089814917e+04,2.370116404901138765e+02
2.768440294927946292e+06,1.206190452350282158e+03,2.211516273299693239e+03,2.226069233083247673e+04,2.373060155730614440e+02
2.768405327224094421e+06,1.208993077467895546e+03,2.215240520116628886e+03,2.228883829390841856e+04,2.376008844095024131e+02
2.768370247836661991e+06,1.211832649507054157e+03,2.218986466080433729e+03,2.231703679794099298e+04,2.378962498121841520e+02
2.768335058666509576e+06,1.214706282346306125e+03,2.222754649971323943e+03,2.234528828650823198e+04,2.381921146743283373e+02
2.768299761599645950e+06,1.217611181669457665e+03,2.226545547877313766e+03,2.237359318884481399e+04,2.384884819609914075e+02
2.768264358488921076e+06,1.220544660898952088e+03,2.230359575608455543e+03,2.240195191988515217e+04,2.387853547007072450e+02
2.768228851138375700e+06,1.223504153802829251e+03,2.234197091407798325e+03,2.243036488043304416e+04,2.390827359774564229e+02
2.768193241290787701e+06,1.226487223966509873e+03,2.238058398889164891e+03,2.245883245744087253e+04,2.393806289229768822e+02
2.768157530617396813e+06,1.229491571380370488e+03,2.241943750137538700e+03,2.248735502437840114e+04,2.396790367094956196e+02
2.768121720710438211e+06,1.232515036433296018e+03,2.245853348912353340e+03,2.251593294167376735e+04,2.399779625428475640e+02
2.768085813077610452e+06,1.235555601622968197e+03,2.249787353901353981e+03,2.254456655720973868e+04,2.402774096560356156e+02
2.768049809138552286e+06,1.238611391299383513e+03,2.253745881978435136e+03,2.257325620686205002e+04,2.405773813032226656e+02
2.768013710223003756e+06,1.241680669751539654e+03,2.257729011426414218e+03,2.260200221506449816e+04,2.408778807541526135e+02
2.767977517570300028e+06,1.244761837932002663e+03,2.261736785091797628e+03,2.263080489539098562e+04,2.411789112890092781e+02
2.767941232330115046e+06,1.247853429092172064e+03,2.265769213444930756e+03,2.265966455114466953e+04,2.414804761936885598e+02
2.767904855564197060e+06,1.250954103575667204e+03,2.269826277524567558e+03,2.268858147594573529e+04,2.417825787554809835e+02
2.767868388248689007e+06,1.254062642989499182e+03,2.273907931751282831e+03,2.271755595431068650e+04,2.420852222591515499e+02
2.767831831277265679e+06,1.257177943944653407e+03,2.278014106598197031e+03,2.274658826221922573e+04,2.423884099833844061e+02
2.767795185464509297e+06,1.260299011530221605e+03,2.282144711111981906e+03,2.277567866766314910e+04,2.426921451975984212e+02
2.767758451549733058e+06,1.263424952659345763e+03,2.286299635280081475e+03,2.280482743117436257e+04,2.429964311590794068e+02
2.767721630200910382e+06,1.266554969401063772e+03,2.290478752242994688e+03,2.283403480633093932e+04,2.433012711104503580e+02
2.767684722018739674e+06,1.269688352390672208e+03,2.294681920352744328e+03,2.286330104023835884e+04,2.436066682774152241e+02
2.767647727540675551e+06,1.272824474391897411e+03,2.298908985080713592e+03,2.289262637398478546e+04,2.439126258667959064e+02
2.767610647245021071e+06,1.275962784067254915e+03,2.303159780778882123e+03,2.292201104307238347e+04,2.442191470648066058e+02
2.767573481554842554e+06,1.279102799998789578e+03,2.307434132300566489e+03,2.295145527782160207e+04,2.445262350355772298e+02
2.767536230841842946e+06,1.282244104988833669e+03,2.311731856486223023e+03,2.298095930375164244e+04,2.448338929198841356e+02
2.767498895430046599e+06,1.285386340660505766e+03,2.316052763521931411e+03,2.301052334193476781e+04,2.451421238340818149e+02
2.767461475599266123e+06,1.288529202368871665e+03,2.320396658177073732e+03,2.304014760932876379e+04,2.454509308692185527e+02
2.767423971588469110e+06,1.291672434427208373e+03,2.324763340929024707e+03,2.306983231908562448e+04,2.457603170903084902e+02
2.767386383599004243e+06,1.294815825647131078e+03,2.329152608981845333e+03,2.309957768083862902e+04,2.460702855357656631e+02
2.767348711797440425e+06,1.297959205187113184e+03,2.333564257186485065e+03,2.312938390097011143e+04,2.463808392169637784e+02
2.767310956318445969e+06,1.301102438700670064e+03,2.337998078869386518e+03,2.315925118285788631e+04,2.466919811179217845e+02
2.767273117267346475e+06,1.304245424773156856e+03,2.342453866576504879e+03,2.318917972710564572e+04,2.470037141951041804e+02
2.767235194722488057e+06,1.307388091634291186e+03,2.346931412739061670e+03,2.321916973175487146e+04,2.473160413773143773e+02
2.767197188737555407e+06,1.310530394132371612e+03,2.351430510267563022e+03,2.324922139248142412e+04,2.476289655656797777e+02
2.767159099343548995e+06,1.313672310955683542e+03,2.355950953079750434e+03,2.327933490277821693e+04,2.479424896337152973e+02
2.767120926550797652e+06,1.316813842085965916e+03,2.360492536568016021e+03,2.330951045412160602e+04,2.482566164274592779e+02
2.767082670350616332e+06,1.319955006469168438e+03,2.365055058011832443e+03,2.333974823612853288e+04,2.485713487656685743e+02
2.767044330717025790e+06,1.323095839888586170e+03,2.369638316939426204e+03,2.337004843669906768e+04,2.488866894400707110e+02
2.767005907608168665e+06,1.326236393026207907e+03,2.374242115443982584e+03,2.340041124214937736e+04,2.492026412156618562e+02
2.766967400967678986e+06,1.329376729698292820e+03,2.378866258457807362e+03,2.343083683733408907e+04,2.495192068310547882e+02
2.766928810726003256e+06,1.332516925252080227e+03,2.383510553988908669e+03,2.346132540576042811e+04,2.498363889988490598e+02
2.766890136801463086e+06,1.335657065110985741e+03,2.388174813323207218e+03,2.349187712969241693e+04,2.501541904060479737e+02
2.766851379101387225e+06,1.338797243456524484e+03,2.392858851195863281e+03,2.352249219024754348e+04,2.504726137144911320e+02
2.766812537522984669e+06,1.341937562035708879e+03,2.397562485934576216e+03,2.355317076748752152e+04,2.507916615613161468e+02
2.766773611954275984e+06,1.345078129083609383e+03,2.402285539577754662e+03,2.358391304050044346e+04,2.511113365594416109e+02
2.766734602274902165e+06,1.348219058351265630e+03,2.407027837970110340e+03,2.361471918747849850e+04,2.514316412980514031e+02
2.766695508356798906e+06,1.351360468229973321e+03,2.411789210837801875e+03,2.364558938578841480e+04,2.517525783431136404e+02
2.766656330064914189e+06,1.354502480963560856e+03,2.416569491845455104e+03,2.367652381203877303e+04,2.520741502378921837e+02
2.766617067257779185e+06,1.357645221940890451e+03,2.421368518636926183e+03,2.370752264214078605e+04,2.523963595034719560e+02
2.766577719788074028e+06,1.360788819061444883e+03,2.426186132861404076e+03,2.373858605136556434e+04,2.527192086392900308e+02
2.766538287503111176e+06,1.363933402167501299e+03,2.431022180186775586e+03,2.376971421439739061e+04,2.530427001236717501e+02
2.766498770245369524e+06,1.367079102536712071e+03,2.435876510301380677e+03,2.380090730538327989e+04,2.533668364143636609e+02
2.766459167852735613e+06,1.370226052429679839e+03,2.440748976905577365e+03,2.383216549797870175e+04,2.536916199490703718e+02
2.766419480159074999e+06,1.373374384687338079e+03,2.445639437694475419e+03,2.386348896539101042e+04,2.540170531459909284e+02
2.766379706994465552e+06,1.376524232373543327e+03,2.450547754332634668e+03,2.389487788041945896e+04,2.543431384043503272e+02
2.766339848185519222e+06,1.379675728458637877e+03,2.455473792421965300e+03,2.392633241549285958e+04,2.546698781049283866e+02
2.766299903555679601e+06,1.382829005540027765e+03,2.460417421463459505e+03,2.395785274270464288e+04,2.549972746105842134e+02
2.766259872925475240e+06,1.385984195596284280e+03,2.465378514813859056e+03,2.398943903384570876e+04,2.553253302667789342e+02
2.766219756112747826e+06,1.389141429771554385e+03,2.470356949637612161e+03,2.402109146043584042e+04,2.556540474020882527e+02
2.766179552932880353e+06,1.392300838187273484e+03,2.475352606855169597e+03,2.405281019375227697e+04,2.559834283287062533e+02
2.766139263198929839e+06,1.395462549778556195e+03,2.480365371087813401e+03,2.408459540485706384e+04,2.563134753429532680e+02
2.766098886721897405e+06,1.398626692152749683e+03,2.485395130599775257e+03,2.411644726462306426e+04,2.566441907257655544e+02
2.766058423310792539e+06,1.401793391468094569e+03,2.490441777238134819e+03,2.414836594375796994e+04,2.569755767431789195e+02
2.766017872772824485e+06,1.404962772330267399e+03,2.495505206370794895e+03,2.418035161282761328e+04,2.573076356468103540e+02
2.765977234913525637e+06,1.408134957705145780e+03,2.500585316822884124e+03,2.421240444227679473e+04,2.576403696743265073e+02
2.765936509536845610e+06,1.411310068846032891e+03,2.505682010812111912e+03,2.424452460245078692e+04,2.579737810499027546e+02
2.765895696445283014e+06,1.414488225233940284e+03,2.510795193883231150e+03,2.427671226361407753e+04,2.583078719846780018e+02
2.765854795439979061e+06,1.417669544529421501e+03,2.515924774841904764e+03,2.430896759596919946e+04,2.586426446771953920e+02
2.765813806320785545e+06,1.420854142534888979e+03,2.521070665688201643e+03,2.434129076967355650e+04,2.589781013138417052e+02
2.765772728886365891e+06,1.424042133166135727e+03,2.526232781549946139e+03,2.437368195485744218e+04,2.593142440692662944e+02
2.765731562934204936e+06,1.427233628432180467e+03,2.531411040616176706e+03,2.440614132163808608e+04,2.596510751068062177e+02
2.765690308260789607e+06,1.430428738422437164e+03,2.536605364070775522e+03,2.443866904013626117e+04,2.599885965788887461e+02
2.765648964661547914e+06,1.433627571300403815e+03,2.541815676026403253e+03,2.447126528048998807e+04,2.603268106274312004e+02
2.765607531930984464e+06,1.436830233303154273e+03,2.547041903459005880e+03,2.450393021286855583e+04,2.606657193842343077e+02
2.765566009862657636e+06,1.440036828745904131e+03,2.552283976142860865e+03,2.453666400748570595e+04,2.610053249713628816e+02
2.765524398249270860e+06,1.443247460031064065e+03,2.557541826586327261e+03,2.456946683461194698e+04,2.613456295015152477e+02
2.765482696882700082e+06,1.446462227661279030e+03,2.562815389968364798e+03,2.460233886458725465e+04,2.616866350783928965e+02
2.765440905554032419e+06,1.449681230255847368e+03,2.568104604075952466e+03,2.463528026783191308e+04,2.620283437970559817e+02
2.765399024053584784e+06,1.452904564570195816e+03,2.573409409242253332e+03,2.466829121485863288e+04,2.623707577442652905e+02
2.765357052170908079e+06,1.456132325517915433e+03,2.578729748285983078e+03,2.470137187628210086e+04,2.627138789988316034e+02
2.765314989694891963e+06,1.459364606195073748e+03,2.584065566451547511e+03,2.473452242283065425e+04,2.630577096319354951e+02
2.765272836413689889e+06,1.462601497906370923e+03,2.589416811350365606e+03,2.476774302535487004e+04,2.634022517074624830e+02
2.765230592114787083e+06,1.465843090192988029e+03,2.594783432903185712e+03,2.480103385483801321e+04,2.637475072823103801e+02
2.765188256585042924e+06,1.469089470861759764e+03,2.600165383283536812e+03,2.483439508240502619e+04,2.640934784066972156e+02
2.765145829610666726e+06,1.472340726015475866e+03,2.605562616862238883e+03,2.486782687933152556e+04,2.644401671244684735e+02
